timestamp,pair,price,volume,bid,ask,low,high,vwap,trades
2024-12-18 04:19:09,XETHZUSD,3843.46,2900.40448511,3843.45,3843.46,3837.79,3903.21,3866.28364,3295
2024-12-18 04:19:13,XETHZUSD,3844.47,2902.41608511,3844.47,3844.48,3837.79,3903.21,3866.26852,3298
2024-12-18 04:19:17,XETHZUSD,3844.47,2902.41608511,3844.47,3844.48,3837.79,3903.21,3866.26852,3298
2024-12-18 04:19:20,XETHZUSD,3844.47,2902.41608511,3844.47,3844.48,3837.79,3903.21,3866.26852,3298
2024-12-18 04:19:24,XETHZUSD,3844.48,2902.42058511,3844.47,3844.48,3837.79,3903.21,3866.26848,3299
2024-12-18 04:19:27,XETHZUSD,3844.48,2902.42058511,3844.47,3844.48,3837.79,3903.21,3866.26848,3299
2024-12-18 04:19:31,XETHZUSD,3844.48,2902.42058511,3844.47,3844.48,3837.79,3903.21,3866.26848,3299
2024-12-18 04:19:34,XETHZUSD,3845.12,2902.42381512,3845.7,3845.71,3837.79,3903.21,3866.26846,3301
2024-12-18 04:19:37,XETHZUSD,3845.12,2902.42381512,3845.7,3845.71,3837.79,3903.21,3866.26846,3301
2024-12-18 04:19:41,XETHZUSD,3847.03,2904.07999223,3847.02,3847.03,3837.79,3903.21,3866.25676,3317
2024-12-18 04:19:44,XETHZUSD,3847.03,2904.07999223,3847.02,3847.03,3837.79,3903.21,3866.25676,3317
2024-12-18 04:19:47,XETHZUSD,3847.03,2904.07999223,3847.02,3847.03,3837.79,3903.21,3866.25676,3317
2024-12-18 04:19:51,XETHZUSD,3847.02,2904.1826655,3847.02,3847.03,3837.79,3903.21,3866.25608,3318
2024-12-18 04:19:54,XETHZUSD,3847.02,2904.18678102,3847.02,3847.03,3837.79,3903.21,3866.25605,3319
2024-12-18 04:19:58,XETHZUSD,3847.02,2904.18678102,3847.02,3847.03,3837.79,3903.21,3866.25605,3319
2024-12-18 04:20:01,XETHZUSD,3847.02,2904.18678102,3847.02,3847.03,3837.79,3903.21,3866.25605,3319
2024-12-18 04:20:04,XETHZUSD,3847.02,2904.18678102,3847.02,3847.03,3837.79,3903.21,3866.25605,3319
2024-12-18 04:20:07,XETHZUSD,3847.02,2904.18678102,3847.02,3847.03,3837.79,3903.21,3866.25605,3319
2024-12-18 04:20:10,XETHZUSD,3847.02,2904.18678102,3847.02,3847.03,3837.79,3903.21,3866.25605,3319
2024-12-18 04:20:14,XETHZUSD,3847.02,2904.18678102,3847.02,3847.03,3837.79,3903.21,3866.25605,3319
2024-12-18 04:20:17,XETHZUSD,3847.02,2904.18678102,3847.02,3847.03,3837.79,3903.21,3866.25605,3319
2024-12-18 04:20:20,XETHZUSD,3847.02,2904.18678102,3847.02,3847.03,3837.79,3903.21,3866.25605,3319
2024-12-18 04:20:23,XETHZUSD,3848.01,2904.21207533,3847.84,3848.05,3837.79,3903.21,3866.25589,3323
2024-12-18 04:20:26,XETHZUSD,3848.01,2904.21207533,3848.05,3848.06,3837.79,3903.21,3866.25589,3323
2024-12-18 04:20:30,XETHZUSD,3848.06,2905.7689485,3848.06,3848.07,3837.79,3903.21,3866.24614,3325
2024-12-18 04:20:33,XETHZUSD,3848.06,2905.7689485,3848.06,3848.07,3837.79,3903.21,3866.24614,3325
2024-12-18 04:20:36,XETHZUSD,3848.13,2905.8848834,3848.19,3848.2,3837.79,3903.21,3866.24542,3327
2024-12-18 04:20:39,XETHZUSD,3848.13,2905.8848834,3848.19,3848.2,3837.79,3903.21,3866.24542,3327
2024-12-18 04:20:42,XETHZUSD,3848.13,2905.8848834,3848.19,3848.2,3837.79,3903.21,3866.24542,3327
2024-12-18 04:20:46,XETHZUSD,3848.2,2907.8848834,3848.06,3848.07,3837.79,3903.21,3866.23301,3329
2024-12-18 04:20:49,XETHZUSD,3848.2,2907.8848834,3848.06,3848.07,3837.79,3903.21,3866.23301,3329
2024-12-18 04:20:52,XETHZUSD,3848.2,2907.8848834,3848.06,3848.07,3837.79,3903.21,3866.23301,3329
2024-12-18 04:20:55,XETHZUSD,3848.2,2907.8848834,3848.06,3848.07,3837.79,3903.21,3866.23301,3329
2024-12-18 04:20:58,XETHZUSD,3848.2,2907.8848834,3848.06,3848.07,3837.79,3903.21,3866.23301,3329
2024-12-18 04:21:01,XETHZUSD,3848.2,2907.8848834,3848.06,3848.07,3837.79,3903.21,3866.23301,3329
2024-12-18 04:21:04,XETHZUSD,3848.07,2907.8912334,3848.06,3848.07,3837.79,3903.21,3866.23297,3330
2024-12-18 04:21:07,XETHZUSD,3848.07,2907.8912334,3848.06,3848.07,3837.79,3903.21,3866.23297,3330
2024-12-18 04:21:10,XETHZUSD,3848.07,2907.8912334,3848.03,3848.04,3837.79,3903.21,3866.23297,3330
2024-12-18 04:21:14,XETHZUSD,3846.65,2908.1942037,3847.43,3847.5,3837.79,3903.21,3866.23096,3332
2024-12-18 04:21:17,XETHZUSD,3848.44,2909.7442037,3848.39,3848.45,3837.79,3903.21,3866.22148,3333
2024-12-18 04:21:20,XETHZUSD,3848.44,2909.7442037,3848.44,3848.45,3837.79,3903.21,3866.22148,3333
2024-12-18 04:21:24,XETHZUSD,3848.44,2909.7442037,3848.44,3848.45,3837.79,3903.21,3866.22148,3333
2024-12-18 04:21:27,XETHZUSD,3848.44,2909.7442037,3848.31,3848.32,3837.79,3903.21,3866.22148,3333
2024-12-18 04:21:30,XETHZUSD,3846.56,2911.7442037,3846.53,3846.54,3837.79,3903.21,3866.20802,3335
2024-12-18 04:21:33,XETHZUSD,3846.56,2911.7442037,3846.53,3846.54,3837.79,3903.21,3866.20802,3335
2024-12-18 04:21:36,XETHZUSD,3846.54,2912.75611433,3846.53,3846.54,3837.79,3903.21,3866.20118,3337
2024-12-18 04:21:40,XETHZUSD,3846.54,2912.75611433,3846.53,3846.54,3837.79,3903.21,3866.20118,3337
2024-12-18 04:21:43,XETHZUSD,3846.54,2912.75611433,3846.53,3846.54,3837.79,3903.21,3866.20118,3337
2024-12-18 04:21:46,XETHZUSD,3846.54,2912.75611433,3846.53,3846.54,3837.79,3903.21,3866.20118,3337
2024-12-18 04:21:49,XETHZUSD,3846.53,2912.88943368,3846.53,3846.54,3837.79,3903.21,3866.20028,3339
2024-12-18 04:21:52,XETHZUSD,3846.5,2913.01141506,3846.13,3846.14,3837.79,3903.21,3866.19946,3341
2024-12-18 04:21:56,XETHZUSD,3846.1,2913.21107947,3844.59,3844.6,3837.79,3903.21,3866.19808,3343
2024-12-18 04:21:59,XETHZUSD,3846.1,2913.21107947,3844.59,3844.6,3837.79,3903.21,3866.19808,3343
2024-12-18 04:22:02,XETHZUSD,3846.1,2913.21107947,3844.59,3844.6,3837.79,3903.21,3866.19808,3343
2024-12-18 04:22:05,XETHZUSD,3842.64,2913.77672303,3842.61,3842.62,3837.79,3903.21,3866.19364,3346
2024-12-18 04:22:08,XETHZUSD,3842.64,2913.77672303,3842.61,3842.62,3837.79,3903.21,3866.19364,3346
2024-12-18 04:22:11,XETHZUSD,3842.64,2913.77672303,3842.61,3842.62,3837.79,3903.21,3866.19364,3346
2024-12-18 04:22:15,XETHZUSD,3842.64,2913.77672303,3842.61,3842.62,3837.79,3903.21,3866.19364,3346
2024-12-18 04:22:18,XETHZUSD,3842.64,2913.77672303,3842.61,3842.62,3837.79,3903.21,3866.19364,3346
2024-12-18 04:22:21,XETHZUSD,3842.64,2913.77672303,3842.61,3842.62,3837.79,3903.21,3866.19364,3346
2024-12-18 04:22:24,XETHZUSD,3842.62,2914.414189,3842.61,3842.62,3837.79,3903.21,3866.18849,3348
2024-12-18 04:22:27,XETHZUSD,3842.62,2914.414189,3842.61,3842.62,3837.79,3903.21,3866.18849,3348
2024-12-18 04:22:30,XETHZUSD,3842.62,2914.414189,3842.61,3842.62,3837.79,3903.21,3866.18849,3348
2024-12-18 04:22:34,XETHZUSD,3841.82,2914.50691455,3841.35,3841.36,3837.79,3903.21,3866.18773,3352
2024-12-18 04:22:36,XETHZUSD,3841.1,2914.73261147,3840.0,3840.01,3837.79,3903.21,3866.18579,3355
2024-12-18 04:22:40,XETHZUSD,3839.0,2915.61003712,3838.57,3838.58,3837.79,3903.21,3866.17777,3361
2024-12-18 04:22:42,XETHZUSD,3839.0,2915.61003712,3838.57,3838.58,3837.79,3903.21,3866.17777,3361
2024-12-18 04:22:46,XETHZUSD,3839.0,2915.61003712,3838.57,3838.58,3837.79,3903.21,3866.17777,3361
2024-12-18 04:22:49,XETHZUSD,3839.0,2915.61003712,3838.57,3838.58,3837.79,3903.21,3866.17777,3361
2024-12-18 04:22:52,XETHZUSD,3838.57,2915.70605259,3838.57,3838.58,3837.79,3903.21,3866.17686,3363
2024-12-18 04:22:55,XETHZUSD,3838.57,2917.41915259,3838.57,3838.58,3837.79,3903.21,3866.16065,3366
2024-12-18 04:22:59,XETHZUSD,3838.57,2917.41915259,3838.57,3838.58,3837.79,3903.21,3866.16065,3366
2024-12-18 04:23:02,XETHZUSD,3838.57,2917.41915259,3838.57,3838.58,3837.79,3903.21,3866.16065,3366
2024-12-18 04:23:05,XETHZUSD,3838.57,2917.41915259,3838.57,3838.58,3837.79,3903.21,3866.16065,3366
2024-12-18 04:23:08,XETHZUSD,3838.57,2917.41915259,3838.57,3838.58,3837.79,3903.21,3866.16065,3366
2024-12-18 04:23:11,XETHZUSD,3838.57,2917.41915259,3838.57,3838.58,3837.79,3903.21,3866.16065,3366
2024-12-18 04:23:14,XETHZUSD,3838.57,2917.41915259,3838.57,3838.58,3837.79,3903.21,3866.16065,3366
2024-12-18 04:23:18,XETHZUSD,3838.57,2917.41915259,3838.57,3838.58,3837.79,3903.21,3866.16065,3366
2024-12-18 04:23:21,XETHZUSD,3838.57,2917.41915259,3838.57,3838.58,3837.79,3903.21,3866.16065,3366
2024-12-18 04:23:24,XETHZUSD,3838.57,2917.41915259,3838.57,3838.58,3837.79,3903.21,3866.16065,3366
2024-12-18 04:23:27,XETHZUSD,3838.57,2917.41915259,3838.57,3838.58,3837.79,3903.21,3866.16065,3366
2024-12-18 04:23:31,XETHZUSD,3838.57,2917.42358139,3838.57,3838.58,3837.79,3903.21,3866.16061,3367
2024-12-18 04:23:34,XETHZUSD,3838.57,2917.42358139,3838.57,3838.58,3837.79,3903.21,3866.16061,3367
2024-12-18 04:23:37,XETHZUSD,3838.57,2917.42358139,3838.57,3838.58,3837.79,3903.21,3866.16061,3367
2024-12-18 04:23:40,XETHZUSD,3838.58,2918.42358139,3838.57,3838.58,3837.79,3903.21,3866.15116,3368
2024-12-18 04:23:44,XETHZUSD,3838.58,2918.42358139,3838.57,3838.58,3837.79,3903.21,3866.15116,3368
2024-12-18 04:23:47,XETHZUSD,3838.58,2918.44458139,3838.57,3838.58,3837.79,3903.21,3866.15096,3369
2024-12-18 04:23:50,XETHZUSD,3838.58,2918.44458139,3838.57,3838.58,3837.79,3903.21,3866.15096,3369
2024-12-18 04:23:53,XETHZUSD,3838.58,2918.44458139,3838.57,3838.58,3837.79,3903.21,3866.15096,3369
2024-12-18 04:23:56,XETHZUSD,3838.58,2918.44458139,3838.57,3838.58,3837.79,3903.21,3866.15096,3369
2024-12-18 04:23:59,XETHZUSD,3835.48,2929.05063631,3835.48,3835.49,3835.48,3903.21,3866.04755,3389
2024-12-18 04:24:02,XETHZUSD,3835.48,2929.05063631,3835.48,3835.49,3835.48,3903.21,3866.04755,3389
2024-12-18 04:24:06,XETHZUSD,3835.48,2929.05063631,3835.48,3835.49,3835.48,3903.21,3866.04755,3389
2024-12-18 04:24:08,XETHZUSD,3835.48,2929.05063631,3835.48,3835.49,3835.48,3903.21,3866.04755,3389
2024-12-18 04:24:11,XETHZUSD,3835.48,2929.05063631,3835.48,3835.49,3835.48,3903.21,3866.04755,3389
2024-12-18 04:24:15,XETHZUSD,3835.48,2929.05063631,3835.48,3835.49,3835.48,3903.21,3866.04755,3389
2024-12-18 04:24:18,XETHZUSD,3835.48,2929.05063631,3835.48,3835.49,3835.48,3903.21,3866.04755,3389
2024-12-18 04:24:21,XETHZUSD,3835.48,2929.05063631,3835.48,3835.49,3835.48,3903.21,3866.04755,3389
2024-12-18 04:24:24,XETHZUSD,3830.46,2937.46747779,3830.1,3830.11,3830.46,3903.21,3865.95601,3427
2024-12-18 04:24:27,XETHZUSD,3830.01,2945.41783009,3830.0,3830.01,3830.0,3903.21,3865.85896,3448
2024-12-18 04:24:31,XETHZUSD,3830.01,2945.41783009,3830.36,3830.37,3830.0,3903.21,3865.85896,3448
2024-12-18 04:24:34,XETHZUSD,3831.3,2945.66535028,3832.5,3832.51,3830.0,3903.21,3865.85605,3450
2024-12-18 04:24:37,XETHZUSD,3831.3,2945.66535028,3832.5,3832.62,3830.0,3903.21,3865.85605,3450
2024-12-18 04:24:40,XETHZUSD,3832.5,2945.67017175,3833.47,3833.48,3830.0,3903.21,3865.856,3451
2024-12-18 04:24:43,XETHZUSD,3832.5,2945.67017175,3833.47,3833.48,3830.0,3903.21,3865.856,3451
2024-12-18 04:24:46,XETHZUSD,3832.5,2945.67017175,3833.47,3833.48,3830.0,3903.21,3865.856,3451
2024-12-18 04:24:49,XETHZUSD,3833.47,2945.73672655,3830.99,3831.0,3830.0,3903.21,3865.85527,3452
2024-12-18 04:24:52,XETHZUSD,3830.99,2945.73824748,3830.96,3830.97,3830.0,3903.21,3865.85525,3453
2024-12-18 04:24:56,XETHZUSD,3830.01,2945.80881811,3830.85,3830.96,3830.0,3903.21,3865.85441,3456
2024-12-18 04:24:59,XETHZUSD,3830.76,2945.81137811,3830.96,3830.97,3830.0,3903.21,3865.85438,3457
2024-12-18 04:25:02,XETHZUSD,3830.77,2946.42772671,3830.73,3830.74,3830.0,3903.21,3865.84704,3458
2024-12-18 04:25:05,XETHZUSD,3830.77,2946.42772671,3830.95,3830.96,3830.0,3903.21,3865.84704,3458
2024-12-18 04:25:08,XETHZUSD,3830.77,2946.42772671,3831.47,3831.48,3830.0,3903.21,3865.84704,3458
2024-12-18 04:25:12,XETHZUSD,3830.77,2946.42772671,3831.47,3831.48,3830.0,3903.21,3865.84704,3458
2024-12-18 04:25:15,XETHZUSD,3830.77,2946.42772671,3831.47,3831.48,3830.0,3903.21,3865.84704,3458
2024-12-18 04:25:18,XETHZUSD,3831.75,2946.7970124,3832.82,3832.83,3830.0,3903.21,3865.84277,3460
2024-12-18 04:25:22,XETHZUSD,3831.75,2946.7970124,3832.82,3832.83,3830.0,3903.21,3865.84277,3460
2024-12-18 04:25:25,XETHZUSD,3830.01,2949.8635672,3830.0,3830.01,3830.0,3903.21,3865.80558,3462
2024-12-18 04:25:28,XETHZUSD,3830.01,2949.8635672,3830.05,3830.06,3830.0,3903.21,3865.80558,3462
2024-12-18 04:25:32,XETHZUSD,3830.01,2949.95696464,3830.0,3830.01,3830.0,3903.21,3865.80445,3464
2024-12-18 04:25:35,XETHZUSD,3828.01,2972.23944095,3828.0,3828.01,3828.01,3903.21,3865.53593,3476
2024-12-18 04:25:38,XETHZUSD,3825.64,2974.67548008,3825.64,3825.65,3825.64,3903.21,3865.50464,3489
2024-12-18 04:25:41,XETHZUSD,3825.51,3007.19575948,3825.87,3825.88,3822.89,3903.21,3865.04788,3516
2024-12-18 04:25:45,XETHZUSD,3825.87,3007.34483339,3827.29,3828.25,3822.89,3903.21,3865.04594,3519
2024-12-18 04:25:48,XETHZUSD,3825.87,3007.34483339,3826.93,3828.09,3822.89,3903.21,3865.04594,3519
2024-12-18 04:25:51,XETHZUSD,3825.23,3011.41883339,3824.44,3825.83,3822.89,3903.21,3864.99242,3522
2024-12-18 04:25:54,XETHZUSD,3825.23,3011.41883339,3825.26,3825.6,3822.89,3903.21,3864.99242,3522
2024-12-18 04:25:57,XETHZUSD,3825.23,3011.41883339,3825.16,3826.13,3822.89,3903.21,3864.99242,3522
2024-12-18 04:26:00,XETHZUSD,3825.23,3011.41883339,3824.45,3825.57,3822.89,3903.21,3864.99242,3522
2024-12-18 04:26:03,XETHZUSD,3824.22,3011.57913339,3823.64,3824.2,3822.89,3903.21,3864.99025,3523
2024-12-18 04:26:06,XETHZUSD,3824.17,3011.58986795,3822.58,3823.5,3822.89,3903.21,3864.9901,3524
2024-12-18 04:26:09,XETHZUSD,3823.5,3017.24270163,3824.15,3824.16,3822.89,3903.21,3864.91233,3526
2024-12-18 04:26:12,XETHZUSD,3823.5,3017.24270163,3824.15,3824.16,3822.89,3903.21,3864.91233,3526
2024-12-18 04:26:15,XETHZUSD,3822.0,3018.24270163,3822.0,3822.01,3822.0,3903.21,3864.89813,3531
2024-12-18 04:26:18,XETHZUSD,3822.0,3022.71050091,3822.0,3822.01,3822.0,3903.21,3864.83472,3539
2024-12-18 04:26:22,XETHZUSD,3822.0,3023.76927779,3822.0,3822.01,3822.0,3903.21,3864.81972,3540
2024-12-18 04:26:25,XETHZUSD,3819.2,3067.83188532,3819.99,3820.0,3818.99,3903.21,3864.17185,3588
2024-12-18 04:26:28,XETHZUSD,3820.0,3089.83188532,3822.0,3822.01,3818.99,3903.21,3863.85734,3591
2024-12-18 04:26:31,XETHZUSD,3820.0,3089.83188532,3822.0,3822.01,3818.99,3903.21,3863.85734,3591
2024-12-18 04:26:35,XETHZUSD,3820.0,3089.83188532,3822.0,3822.01,3818.99,3903.21,3863.85734,3591
2024-12-18 04:26:38,XETHZUSD,3822.0,3089.84443528,3822.0,3822.01,3818.99,3903.21,3863.85717,3592
2024-12-18 04:26:40,XETHZUSD,3822.0,3089.84443528,3821.29,3821.3,3818.99,3903.21,3863.85717,3592
2024-12-18 04:26:43,XETHZUSD,3822.0,3090.35113327,3822.0,3822.01,3818.99,3903.21,3863.8503,3594
2024-12-18 04:26:46,XETHZUSD,3822.01,3090.43797415,3822.0,3822.01,3818.99,3903.21,3863.84913,3595
2024-12-18 04:26:50,XETHZUSD,3822.01,3090.43797415,3822.0,3822.01,3818.99,3903.21,3863.84913,3595
2024-12-18 04:26:53,XETHZUSD,3822.01,3090.43797415,3822.0,3822.01,3818.99,3903.21,3863.84913,3595
2024-12-18 04:26:56,XETHZUSD,3822.01,3090.43797415,3822.0,3822.01,3818.99,3903.21,3863.84913,3595
2024-12-18 04:26:59,XETHZUSD,3822.01,3090.43797415,3822.0,3822.01,3818.99,3903.21,3863.84913,3595
2024-12-18 04:27:02,XETHZUSD,3822.01,3090.43797415,3822.0,3822.01,3818.99,3903.21,3863.84913,3595
2024-12-18 04:27:05,XETHZUSD,3822.0,3091.30370415,3822.0,3822.01,3818.99,3903.21,3863.83741,3596
2024-12-18 04:27:08,XETHZUSD,3822.0,3091.30370415,3822.0,3822.01,3818.99,3903.21,3863.83741,3596
2024-12-18 04:27:11,XETHZUSD,3822.01,3091.43259205,3822.0,3822.01,3818.99,3903.21,3863.83566,3597
2024-12-18 04:27:14,XETHZUSD,3822.01,3091.43846541,3822.0,3822.01,3818.99,3903.21,3863.83558,3599
2024-12-18 04:27:17,XETHZUSD,3822.01,3091.43846541,3822.0,3822.01,3818.99,3903.21,3863.83558,3599
2024-12-18 04:27:20,XETHZUSD,3822.0,3091.91026017,3822.0,3822.01,3818.99,3903.21,3863.8292,3601
2024-12-18 04:27:23,XETHZUSD,3822.0,3091.91026017,3821.99,3822.01,3818.99,3903.21,3863.8292,3601
2024-12-18 04:27:26,XETHZUSD,3822.01,3092.17979644,3821.71,3821.72,3818.99,3903.21,3863.82555,3602
2024-12-18 04:27:29,XETHZUSD,3822.01,3092.17979644,3822.0,3822.01,3818.99,3903.21,3863.82555,3602
2024-12-18 04:27:32,XETHZUSD,3822.01,3092.17979644,3822.0,3822.01,3818.99,3903.21,3863.82555,3602
2024-12-18 04:27:36,XETHZUSD,3822.01,3093.46003681,3822.99,3823.0,3818.99,3903.21,3863.80825,3603
2024-12-18 04:27:38,XETHZUSD,3822.01,3093.46003681,3822.99,3823.0,3818.99,3903.21,3863.80825,3603
2024-12-18 04:27:42,XETHZUSD,3823.0,3095.46003681,3822.99,3823.0,3818.99,3903.21,3863.78188,3605
2024-12-18 04:27:45,XETHZUSD,3823.0,3095.46003681,3822.99,3823.0,3818.99,3903.21,3863.78188,3605
2024-12-18 04:27:48,XETHZUSD,3822.32,3096.47388713,3822.31,3822.32,3818.99,3903.21,3863.76818,3607
2024-12-18 04:27:51,XETHZUSD,3822.32,3096.47388713,3821.91,3821.92,3818.99,3903.21,3863.76818,3607
2024-12-18 04:27:54,XETHZUSD,3822.32,3096.47388713,3821.91,3821.92,3818.99,3903.21,3863.76818,3607
2024-12-18 04:27:57,XETHZUSD,3822.32,3096.47388713,3821.5,3821.51,3818.99,3903.21,3863.76818,3607
2024-12-18 04:28:00,XETHZUSD,3819.79,3096.66756701,3819.69,3820.09,3818.99,3903.21,3863.76549,3610
2024-12-18 04:28:03,XETHZUSD,3819.79,3096.66756701,3819.75,3820.09,3818.99,3903.21,3863.76549,3610
2024-12-18 04:28:06,XETHZUSD,3818.4,3100.38240176,3819.58,3819.59,3818.0,3903.21,3863.71093,3619
2024-12-18 04:28:10,XETHZUSD,3818.4,3100.38240176,3819.58,3819.59,3818.0,3903.21,3863.71093,3619
2024-12-18 04:28:13,XETHZUSD,3818.4,3100.38240176,3819.58,3819.59,3818.0,3903.21,3863.71093,3619
2024-12-18 04:28:16,XETHZUSD,3819.59,3100.38585481,3819.58,3819.59,3818.0,3903.21,3863.71088,3620
2024-12-18 04:28:19,XETHZUSD,3819.59,3100.38585481,3819.58,3819.59,3818.0,3903.21,3863.71088,3620
2024-12-18 04:28:22,XETHZUSD,3819.59,3100.38585481,3818.01,3819.29,3818.0,3903.21,3863.71088,3620
2024-12-18 04:28:25,XETHZUSD,3818.0,3100.41321262,3818.19,3818.61,3818.0,3903.21,3863.71048,3621
2024-12-18 04:28:28,XETHZUSD,3818.0,3100.41321262,3818.54,3818.61,3818.0,3903.21,3863.71048,3621
2024-12-18 04:28:31,XETHZUSD,3818.0,3100.41321262,3819.08,3819.45,3818.0,3903.21,3863.71048,3621
2024-12-18 04:28:35,XETHZUSD,3819.08,3100.44969106,3819.58,3819.59,3818.0,3903.21,3863.70995,3622
2024-12-18 04:28:38,XETHZUSD,3820.2,3102.14297418,3820.99,3821.0,3818.0,3903.21,3863.68618,3625
2024-12-18 04:28:41,XETHZUSD,3823.0,3102.84955328,3822.99,3823.0,3818.0,3903.21,3863.67653,3628
2024-12-18 04:28:44,XETHZUSD,3823.0,3102.84955328,3822.99,3823.0,3818.0,3903.21,3863.67653,3628
2024-12-18 04:28:47,XETHZUSD,3823.0,3102.84955328,3822.99,3823.0,3818.0,3903.21,3863.67653,3628
2024-12-18 04:28:51,XETHZUSD,3823.0,3102.84955328,3822.99,3823.0,3818.0,3903.21,3863.67653,3628
2024-12-18 04:28:53,XETHZUSD,3823.0,3102.84955328,3822.99,3823.0,3818.0,3903.21,3863.67653,3628
2024-12-18 04:28:56,XETHZUSD,3823.0,3102.84955328,3822.99,3823.0,3818.0,3903.21,3863.67653,3628
2024-12-18 04:29:00,XETHZUSD,3823.0,3102.84955328,3822.99,3823.0,3818.0,3903.21,3863.67653,3628
2024-12-18 04:29:03,XETHZUSD,3823.0,3102.84955328,3822.99,3823.0,3818.0,3903.21,3863.67653,3628
2024-12-18 04:29:06,XETHZUSD,3823.0,3104.60981802,3827.34,3827.35,3818.0,3903.21,3863.65347,3630
2024-12-18 04:29:08,XETHZUSD,3823.0,3104.60981802,3828.25,3828.26,3818.0,3903.21,3863.65347,3630
2024-12-18 04:29:12,XETHZUSD,3828.25,3104.62232083,3828.25,3828.26,3818.0,3903.21,3863.65332,3631
2024-12-18 04:29:15,XETHZUSD,3829.51,3137.09407083,3829.52,3829.57,3818.0,3903.21,3863.29995,3633
2024-12-18 04:29:18,XETHZUSD,3829.94,3137.85514698,3829.8,3829.97,3818.0,3903.21,3863.29186,3635
2024-12-18 04:29:21,XETHZUSD,3829.94,3137.85514698,3830.55,3830.56,3818.0,3903.21,3863.29186,3635
2024-12-18 04:29:24,XETHZUSD,3830.54,3159.52689698,3830.55,3830.56,3818.0,3903.21,3863.06726,3640
2024-12-18 04:29:27,XETHZUSD,3830.54,3159.52689698,3830.55,3830.56,3818.0,3903.21,3863.06726,3640
2024-12-18 04:29:30,XETHZUSD,3830.54,3159.52689698,3830.55,3830.56,3818.0,3903.21,3863.06726,3640
2024-12-18 04:29:33,XETHZUSD,3830.54,3159.52689698,3830.55,3830.56,3818.0,3903.21,3863.06726,3640
2024-12-18 04:29:36,XETHZUSD,3830.54,3159.52689698,3830.55,3830.56,3818.0,3903.21,3863.06726,3640
2024-12-18 04:29:40,XETHZUSD,3830.55,3159.54134204,3830.55,3830.56,3818.0,3903.21,3863.06711,3643
2024-12-18 04:29:42,XETHZUSD,3831.6,3290.0705597,3831.9,3832.32,3818.0,3903.21,3861.81686,3646
2024-12-18 04:29:46,XETHZUSD,3831.6,3290.0705597,3831.93,3832.23,3818.0,3903.21,3861.81686,3646
2024-12-18 04:29:49,XETHZUSD,3831.6,3290.0705597,3831.37,3831.63,3818.0,3903.21,3861.81686,3646
2024-12-18 04:29:52,XETHZUSD,3831.6,3290.0705597,3832.44,3832.45,3818.0,3903.21,3861.81686,3646
2024-12-18 04:29:55,XETHZUSD,3831.6,3290.0705597,3831.59,3832.45,3818.0,3903.21,3861.81686,3646
2024-12-18 04:29:58,XETHZUSD,3831.6,3290.0705597,3832.08,3832.09,3818.0,3903.21,3861.81686,3646
2024-12-18 04:30:02,XETHZUSD,3831.6,3290.0705597,3832.08,3832.09,3818.0,3903.21,3861.81686,3646
2024-12-18 04:30:05,XETHZUSD,3831.6,3290.0705597,3832.08,3832.09,3818.0,3903.21,3861.81686,3646
2024-12-18 04:30:08,XETHZUSD,3831.6,3290.0705597,3831.72,3831.73,3818.0,3903.21,3861.81686,3646
2024-12-18 04:30:11,XETHZUSD,3832.06,3290.0725597,3832.04,3832.35,3818.0,3903.21,3861.81684,3647
2024-12-18 04:30:14,XETHZUSD,3832.06,3290.0725597,3831.59,3832.19,3818.0,3903.21,3861.81684,3647
2024-12-18 04:30:17,XETHZUSD,3832.06,3290.0725597,3831.59,3831.6,3818.0,3903.21,3861.81684,3647
2024-12-18 04:30:21,XETHZUSD,3832.06,3290.0725597,3831.59,3831.6,3818.0,3903.21,3861.81684,3647
2024-12-18 04:30:23,XETHZUSD,3832.06,3290.0725597,3831.6,3832.0,3818.0,3903.21,3861.81684,3647
2024-12-18 04:30:27,XETHZUSD,3831.61,3290.20049702,3831.59,3831.6,3818.0,3903.21,3861.81566,3648
2024-12-18 04:30:30,XETHZUSD,3832.0,3290.21169439,3831.59,3831.86,3818.0,3903.21,3861.81556,3649
2024-12-18 04:30:33,XETHZUSD,3832.0,3290.21169439,3831.59,3831.6,3818.0,3903.21,3861.81556,3649
2024-12-18 04:30:36,XETHZUSD,3832.0,3290.21169439,3831.59,3831.6,3818.0,3903.21,3861.81556,3649
2024-12-18 04:30:39,XETHZUSD,3832.0,3290.21169439,3831.59,3831.6,3818.0,3903.21,3861.81556,3649
2024-12-18 04:30:42,XETHZUSD,3831.6,3290.23747564,3831.59,3831.6,3818.0,3903.21,3861.81533,3650
2024-12-18 04:30:45,XETHZUSD,3831.6,3290.23747564,3831.59,3831.6,3818.0,3903.21,3861.81533,3650
2024-12-18 04:30:48,XETHZUSD,3831.6,3290.23747564,3831.59,3831.6,3818.0,3903.21,3861.81533,3650
2024-12-18 04:30:52,XETHZUSD,3831.6,3290.24037564,3831.59,3831.6,3818.0,3903.21,3861.8153,3651
2024-12-18 04:30:55,XETHZUSD,3831.6,3290.56529817,3831.59,3831.6,3818.0,3903.21,3861.81232,3654
2024-12-18 04:30:58,XETHZUSD,3831.6,3290.56529817,3831.59,3831.6,3818.0,3903.21,3861.81232,3654
2024-12-18 04:31:01,XETHZUSD,3831.6,3290.56529817,3831.59,3831.6,3818.0,3903.21,3861.81232,3654
2024-12-18 04:31:05,XETHZUSD,3831.59,3290.73439699,3830.55,3830.56,3818.0,3903.21,3861.81076,3656
2024-12-18 04:31:08,XETHZUSD,3830.56,3290.7409243,3830.55,3830.56,3818.0,3903.21,3861.8107,3657
2024-12-18 04:31:11,XETHZUSD,3830.56,3290.7409243,3830.55,3830.56,3818.0,3903.21,3861.8107,3657
2024-12-18 04:31:14,XETHZUSD,3830.55,3292.72503214,3829.16,3829.17,3818.0,3903.21,3861.79187,3659
2024-12-18 04:31:18,XETHZUSD,3830.55,3292.72503214,3825.77,3826.77,3818.0,3903.21,3861.79187,3659
2024-12-18 04:31:21,XETHZUSD,3830.55,3292.72503214,3827.19,3827.45,3818.0,3903.21,3861.79187,3659
2024-12-18 04:31:24,XETHZUSD,3827.23,3292.98602039,3826.42,3827.76,3818.0,3903.21,3861.78913,3660
2024-12-18 04:31:27,XETHZUSD,3827.23,3292.98602039,3826.23,3826.35,3818.0,3903.21,3861.78913,3660
2024-12-18 04:31:31,XETHZUSD,3827.23,3292.98602039,3827.22,3827.23,3818.0,3903.21,3861.78913,3660
2024-12-18 04:31:34,XETHZUSD,3827.23,3292.98602039,3827.22,3827.23,3818.0,3903.21,3861.78913,3660
2024-12-18 04:31:37,XETHZUSD,3827.23,3293.3062746,3827.22,3827.23,3818.0,3903.21,3861.78577,3661
2024-12-18 04:31:40,XETHZUSD,3827.23,3293.3062746,3827.22,3827.23,3818.0,3903.21,3861.78577,3661
2024-12-18 04:31:43,XETHZUSD,3827.23,3293.3062746,3827.22,3827.23,3818.0,3903.21,3861.78577,3661
2024-12-18 04:31:46,XETHZUSD,3827.23,3293.3062746,3827.22,3827.23,3818.0,3903.21,3861.78577,3661
2024-12-18 04:31:49,XETHZUSD,3827.22,3293.3082746,3827.22,3827.23,3818.0,3903.21,3861.78575,3662
2024-12-18 04:31:53,XETHZUSD,3827.22,3293.3082746,3827.22,3827.23,3818.0,3903.21,3861.78575,3662
2024-12-18 04:31:56,XETHZUSD,3827.22,3293.30932059,3822.02,3824.28,3818.0,3903.21,3861.78574,3663
2024-12-18 04:31:59,XETHZUSD,3827.22,3293.30932059,3823.09,3823.1,3818.0,3903.21,3861.78574,3663
2024-12-18 04:32:02,XETHZUSD,3827.22,3293.30932059,3823.09,3823.1,3818.0,3903.21,3861.78574,3663
2024-12-18 04:32:05,XETHZUSD,3821.83,3293.37746481,3822.1,3822.49,3818.0,3903.21,3861.78491,3664
2024-12-18 04:32:08,XETHZUSD,3821.83,3293.37746481,3822.56,3822.57,3818.0,3903.21,3861.78491,3664
2024-12-18 04:32:12,XETHZUSD,3822.57,3293.39846481,3824.59,3824.6,3818.0,3903.21,3861.78466,3665
2024-12-18 04:32:15,XETHZUSD,3822.57,3293.39846481,3824.59,3824.6,3818.0,3903.21,3861.78466,3665
2024-12-18 04:32:18,XETHZUSD,3822.57,3293.39846481,3824.59,3824.6,3818.0,3903.21,3861.78466,3665
2024-12-18 04:32:21,XETHZUSD,3822.57,3293.39846481,3824.59,3824.6,3818.0,3903.21,3861.78466,3665
2024-12-18 04:32:24,XETHZUSD,3822.57,3293.39846481,3824.59,3824.6,3818.0,3903.21,3861.78466,3665
2024-12-18 04:32:28,XETHZUSD,3822.57,3293.39846481,3823.84,3824.15,3818.0,3903.21,3861.78466,3665
2024-12-18 04:32:31,XETHZUSD,3822.57,3293.39846481,3823.58,3823.59,3818.0,3903.21,3861.78466,3665
2024-12-18 04:32:34,XETHZUSD,3823.58,3293.6245816,3823.58,3823.59,3818.0,3903.21,3861.78204,3667
2024-12-18 04:32:37,XETHZUSD,3823.58,3293.6245816,3824.59,3824.6,3818.0,3903.21,3861.78204,3667
2024-12-18 04:32:40,XETHZUSD,3824.59,3293.63448259,3824.5,3824.6,3818.0,3903.21,3861.78193,3668
2024-12-18 04:32:43,XETHZUSD,3824.59,3293.63448259,3824.37,3824.38,3818.0,3903.21,3861.78193,3668
2024-12-18 04:32:46,XETHZUSD,3824.59,3293.63448259,3824.37,3824.38,3818.0,3903.21,3861.78193,3668
2024-12-18 04:32:49,XETHZUSD,3824.59,3293.63448259,3821.9,3822.34,3818.0,3903.21,3861.78193,3668
2024-12-18 04:32:52,XETHZUSD,3824.59,3293.63448259,3823.4,3823.41,3818.0,3903.21,3861.78193,3668
2024-12-18 04:32:55,XETHZUSD,3823.41,3293.64755992,3821.12,3821.93,3818.0,3903.21,3861.78177,3670
2024-12-18 04:32:58,XETHZUSD,3823.41,3293.64755992,3822.45,3822.72,3818.0,3903.21,3861.78177,3670
2024-12-18 04:33:01,XETHZUSD,3823.41,3293.64755992,3822.13,3822.43,3818.0,3903.21,3861.78177,3670
2024-12-18 04:33:04,XETHZUSD,3823.41,3293.64755992,3821.32,3821.33,3818.0,3903.21,3861.78177,3670
2024-12-18 04:33:07,XETHZUSD,3823.41,3293.64755992,3820.13,3820.47,3818.0,3903.21,3861.78177,3670
2024-12-18 04:33:10,XETHZUSD,3823.41,3293.64755992,3820.0,3820.01,3818.0,3903.21,3861.78177,3670
2024-12-18 04:33:13,XETHZUSD,3820.01,3293.77838456,3820.0,3820.01,3818.0,3903.21,3861.78011,3671
2024-12-18 04:33:16,XETHZUSD,3820.01,3293.77838456,3820.0,3820.01,3818.0,3903.21,3861.78011,3671
2024-12-18 04:33:19,XETHZUSD,3820.01,3293.82419836,3820.0,3820.01,3818.0,3903.21,3861.77953,3672
2024-12-18 04:33:22,XETHZUSD,3819.58,3296.82419836,3818.73,3818.74,3818.0,3903.21,3861.74126,3674
2024-12-18 04:33:26,XETHZUSD,3818.0,3296.88265883,3818.0,3818.01,3818.0,3903.21,3861.7405,3677
2024-12-18 04:33:29,XETHZUSD,3818.0,3296.88265883,3819.18,3819.24,3818.0,3903.21,3861.7405,3677
2024-12-18 04:33:32,XETHZUSD,3818.0,3296.88265883,3819.02,3819.03,3818.0,3903.21,3861.7405,3677
2024-12-18 04:33:35,XETHZUSD,3818.0,3296.88265883,3818.0,3819.09,3818.0,3903.21,3861.7405,3677
2024-12-18 04:33:38,XETHZUSD,3818.0,3296.88265883,3818.03,3819.09,3818.0,3903.21,3861.7405,3677
2024-12-18 04:33:41,XETHZUSD,3819.24,3296.93350203,3819.23,3819.24,3818.0,3903.21,3861.73984,3678
2024-12-18 04:33:44,XETHZUSD,3819.24,3296.93350203,3818.11,3819.02,3818.0,3903.21,3861.73984,3678
2024-12-18 04:33:47,XETHZUSD,3819.24,3296.93350203,3818.69,3818.71,3818.0,3903.21,3861.73984,3678
2024-12-18 04:33:51,XETHZUSD,3818.7,3297.09062314,3818.69,3818.75,3818.0,3903.21,3861.73779,3679
2024-12-18 04:33:54,XETHZUSD,3818.7,3297.09062314,3818.69,3818.7,3818.0,3903.21,3861.73779,3679
2024-12-18 04:33:57,XETHZUSD,3818.7,3297.09062314,3818.5,3818.54,3818.0,3903.21,3861.73779,3679
2024-12-18 04:33:59,XETHZUSD,3818.7,3297.09062314,3818.0,3818.47,3818.0,3903.21,3861.73779,3679
2024-12-18 04:34:03,XETHZUSD,3818.01,3297.50629831,3818.0,3818.01,3818.0,3903.21,3861.73228,3680
2024-12-18 04:34:06,XETHZUSD,3818.01,3297.50629831,3818.0,3818.01,3818.0,3903.21,3861.73228,3680
2024-12-18 04:34:09,XETHZUSD,3818.01,3297.50629831,3818.16,3818.7,3818.0,3903.21,3861.73228,3680
2024-12-18 04:34:12,XETHZUSD,3818.01,3297.50629831,3818.0,3818.54,3818.0,3903.21,3861.73228,3680
2024-12-18 04:34:15,XETHZUSD,3818.01,3297.50629831,3818.0,3818.01,3818.0,3903.21,3861.73228,3680
2024-12-18 04:34:18,XETHZUSD,3818.0,3298.03434162,3818.0,3818.01,3818.0,3903.21,3861.72528,3681
2024-12-18 04:34:21,XETHZUSD,3818.0,3298.03434162,3818.0,3818.01,3818.0,3903.21,3861.72528,3681
2024-12-18 04:34:24,XETHZUSD,3818.0,3298.03434162,3818.0,3818.01,3818.0,3903.21,3861.72528,3681
2024-12-18 04:34:28,XETHZUSD,3818.0,3298.03434162,3818.0,3818.01,3818.0,3903.21,3861.72528,3681
2024-12-18 04:34:31,XETHZUSD,3818.7,3298.04086478,3818.69,3818.7,3818.0,3903.21,3861.72519,3682
2024-12-18 04:34:34,XETHZUSD,3818.69,3298.09467905,3818.69,3818.7,3818.0,3903.21,3861.72449,3683
2024-12-18 04:34:37,XETHZUSD,3820.0,3300.22815589,3822.89,3823.77,3818.0,3903.21,3861.69687,3687
2024-12-18 04:34:40,XETHZUSD,3824.48,3300.28941672,3823.13,3823.84,3818.0,3903.21,3861.69618,3688
2024-12-18 04:34:43,XETHZUSD,3824.48,3300.28941672,3822.12,3823.08,3818.0,3903.21,3861.69618,3688
2024-12-18 04:34:46,XETHZUSD,3824.48,3300.28941672,3822.23,3823.76,3818.0,3903.21,3861.69618,3688
2024-12-18 04:34:49,XETHZUSD,3821.95,3300.30164613,3821.4,3822.04,3818.0,3903.21,3861.69603,3689
2024-12-18 04:34:52,XETHZUSD,3821.95,3300.30164613,3820.78,3820.79,3818.0,3903.21,3861.69603,3689
2024-12-18 04:34:56,XETHZUSD,3821.95,3300.30164613,3818.08,3818.26,3818.0,3903.21,3861.69603,3689
2024-12-18 04:34:59,XETHZUSD,3821.95,3300.30164613,3818.29,3819.26,3818.0,3903.21,3861.69603,3689
2024-12-18 04:35:02,XETHZUSD,3821.95,3300.30164613,3819.16,3819.93,3818.0,3903.21,3861.69603,3689
2024-12-18 04:35:04,XETHZUSD,3821.95,3300.30164613,3819.2,3819.49,3818.0,3903.21,3861.69603,3689
2024-12-18 04:35:08,XETHZUSD,3821.95,3300.30164613,3819.65,3820.89,3818.0,3903.21,3861.69603,3689
2024-12-18 04:35:11,XETHZUSD,3821.95,3300.30164613,3818.82,3819.59,3818.0,3903.21,3861.69603,3689
2024-12-18 04:35:14,XETHZUSD,3821.95,3300.30164613,3818.8,3819.68,3818.0,3903.21,3861.69603,3689
2024-12-18 04:35:17,XETHZUSD,3821.95,3300.30164613,3818.01,3818.24,3818.0,3903.21,3861.69603,3689
2024-12-18 04:35:20,XETHZUSD,3821.95,3300.30164613,3818.01,3818.02,3818.0,3903.21,3861.69603,3689
2024-12-18 04:35:23,XETHZUSD,3821.95,3300.30164613,3818.45,3818.49,3818.0,3903.21,3861.69603,3689
2024-12-18 04:35:27,XETHZUSD,3818.17,3300.35546998,3819.66,3819.68,3818.0,3903.21,3861.69532,3690
2024-12-18 04:35:30,XETHZUSD,3818.17,3300.35546998,3819.67,3819.68,3818.0,3903.21,3861.69532,3690
2024-12-18 04:35:33,XETHZUSD,3818.17,3300.35546998,3819.67,3819.68,3818.0,3903.21,3861.69532,3690
2024-12-18 04:35:36,XETHZUSD,3818.17,3300.35546998,3818.61,3819.66,3818.0,3903.21,3861.69532,3690
2024-12-18 04:35:39,XETHZUSD,3818.17,3300.35546998,3818.02,3818.79,3818.0,3903.21,3861.69532,3690
2024-12-18 04:35:42,XETHZUSD,3818.17,3300.35546998,3818.54,3818.82,3818.0,3903.21,3861.69532,3690
2024-12-18 04:35:45,XETHZUSD,3818.17,3300.35546998,3819.18,3819.48,3818.0,3903.21,3861.69532,3690
2024-12-18 04:35:48,XETHZUSD,3818.17,3300.35546998,3819.53,3819.68,3818.0,3903.21,3861.69532,3690
2024-12-18 04:35:51,XETHZUSD,3819.68,3300.42998408,3818.17,3819.29,3818.0,3903.21,3861.69437,3691
2024-12-18 04:35:54,XETHZUSD,3819.68,3300.42998408,3818.17,3818.87,3818.0,3903.21,3861.69437,3691
2024-12-18 04:35:58,XETHZUSD,3819.68,3300.42998408,3818.65,3818.66,3818.0,3903.21,3861.69437,3691
2024-12-18 04:36:01,XETHZUSD,3819.68,3300.42998408,3818.65,3818.66,3818.0,3903.21,3861.69437,3691
2024-12-18 04:36:04,XETHZUSD,3819.68,3300.42998408,3818.66,3818.67,3818.0,3903.21,3861.69437,3691
2024-12-18 04:36:07,XETHZUSD,3819.68,3300.42998408,3818.66,3818.67,3818.0,3903.21,3861.69437,3691
2024-12-18 04:36:10,XETHZUSD,3819.68,3300.42998408,3818.66,3818.67,3818.0,3903.21,3861.69437,3691
2024-12-18 04:36:13,XETHZUSD,3818.67,3300.43253271,3818.66,3818.67,3818.0,3903.21,3861.69434,3692
2024-12-18 04:36:16,XETHZUSD,3818.67,3300.43253271,3818.66,3818.67,3818.0,3903.21,3861.69434,3692
2024-12-18 04:36:19,XETHZUSD,3818.67,3300.43253271,3818.66,3818.67,3818.0,3903.21,3861.69434,3692
2024-12-18 04:36:22,XETHZUSD,3819.67,3309.63253271,3819.67,3819.68,3818.0,3903.21,3861.57753,3699
2024-12-18 04:36:26,XETHZUSD,3819.67,3309.92906271,3819.67,3819.68,3818.0,3903.21,3861.57377,3700
2024-12-18 04:36:29,XETHZUSD,3819.67,3309.92906271,3819.67,3819.68,3818.0,3903.21,3861.57377,3700
2024-12-18 04:36:32,XETHZUSD,3819.67,3309.92906271,3819.67,3819.68,3818.0,3903.21,3861.57377,3700
2024-12-18 04:36:35,XETHZUSD,3819.67,3309.92906271,3819.67,3819.68,3818.0,3903.21,3861.57377,3700
2024-12-18 04:36:38,XETHZUSD,3819.67,3309.92906271,3819.67,3819.68,3818.0,3903.21,3861.57377,3700
2024-12-18 04:36:42,XETHZUSD,3819.68,3311.47906271,3820.06,3820.07,3818.0,3903.21,3861.55416,3702
2024-12-18 04:36:45,XETHZUSD,3820.47,3311.50368842,3820.46,3820.47,3818.0,3903.21,3861.55386,3706
2024-12-18 04:36:48,XETHZUSD,3820.47,3311.50368842,3820.46,3820.47,3818.0,3903.21,3861.55386,3706
2024-12-18 04:36:51,XETHZUSD,3820.47,3311.50368842,3820.46,3820.47,3818.0,3903.21,3861.55386,3706
2024-12-18 04:36:54,XETHZUSD,3820.47,3311.50368842,3820.46,3820.47,3818.0,3903.21,3861.55386,3706
2024-12-18 04:36:57,XETHZUSD,3820.47,3311.50368842,3820.46,3820.47,3818.0,3903.21,3861.55386,3706
2024-12-18 04:37:01,XETHZUSD,3820.47,3311.50368842,3819.68,3820.04,3818.0,3903.21,3861.55386,3706
2024-12-18 04:37:04,XETHZUSD,3820.47,3311.50368842,3819.68,3819.69,3818.0,3903.21,3861.55386,3706
2024-12-18 04:37:07,XETHZUSD,3820.47,3311.52223236,3819.68,3819.69,3818.0,3903.21,3861.55362,3708
2024-12-18 04:37:10,XETHZUSD,3820.47,3311.52223236,3819.68,3819.69,3818.0,3903.21,3861.55362,3708
2024-12-18 04:37:13,XETHZUSD,3820.47,3311.52223236,3819.68,3819.69,3818.0,3903.21,3861.55362,3708
2024-12-18 04:37:17,XETHZUSD,3820.47,3311.52223236,3820.74,3820.75,3818.0,3903.21,3861.55362,3708
2024-12-18 04:37:20,XETHZUSD,3820.47,3311.52223236,3820.74,3820.75,3818.0,3903.21,3861.55362,3708
2024-12-18 04:37:23,XETHZUSD,3820.74,3311.7274715,3820.74,3820.75,3818.0,3903.21,3861.5511,3711
2024-12-18 04:37:26,XETHZUSD,3820.74,3311.7274715,3820.74,3820.75,3818.0,3903.21,3861.5511,3711
2024-12-18 04:37:29,XETHZUSD,3820.74,3311.7274715,3820.74,3820.75,3818.0,3903.21,3861.5511,3711
2024-12-18 04:37:32,XETHZUSD,3820.75,3311.73234397,3820.74,3820.75,3818.0,3903.21,3861.55104,3712
2024-12-18 04:37:36,XETHZUSD,3820.75,3312.49837924,3820.74,3820.75,3818.0,3903.21,3861.5416,3713
2024-12-18 04:37:39,XETHZUSD,3820.75,3312.49837924,3820.74,3820.75,3818.0,3903.21,3861.5416,3713
2024-12-18 04:37:42,XETHZUSD,3820.75,3312.49837924,3820.74,3820.75,3818.0,3903.21,3861.5416,3713
2024-12-18 04:37:45,XETHZUSD,3820.75,3312.49837924,3820.74,3820.75,3818.0,3903.21,3861.5416,3713
2024-12-18 04:37:48,XETHZUSD,3820.75,3312.49837924,3820.74,3820.75,3818.0,3903.21,3861.5416,3713
2024-12-18 04:37:51,XETHZUSD,3820.74,3319.99837924,3820.74,3820.75,3818.0,3903.21,3861.44943,3718
2024-12-18 04:37:54,XETHZUSD,3821.69,3321.69887924,3821.45,3821.8,3818.0,3903.21,3861.42882,3724
2024-12-18 04:37:58,XETHZUSD,3821.5,3321.73967279,3821.5,3821.8,3818.0,3903.21,3861.42833,3727
2024-12-18 04:38:01,XETHZUSD,3821.5,3321.73967279,3821.5,3821.79,3818.0,3903.21,3861.42833,3727
2024-12-18 04:38:04,XETHZUSD,3821.5,3321.73967279,3820.4,3821.07,3818.0,3903.21,3861.42833,3727
2024-12-18 04:38:07,XETHZUSD,3821.5,3321.73967279,3820.95,3821.44,3818.0,3903.21,3861.42833,3727
2024-12-18 04:38:10,XETHZUSD,3821.5,3321.73967279,3820.68,3821.08,3818.0,3903.21,3861.42833,3727
2024-12-18 04:38:13,XETHZUSD,3821.5,3321.73967279,3821.13,3821.14,3818.0,3903.21,3861.42833,3727
2024-12-18 04:38:16,XETHZUSD,3821.5,3321.73967279,3821.13,3821.14,3818.0,3903.21,3861.42833,3727
2024-12-18 04:38:19,XETHZUSD,3821.13,3321.74463903,3821.13,3821.14,3818.0,3903.21,3861.42827,3728
2024-12-18 04:38:22,XETHZUSD,3821.13,3321.74463903,3821.13,3821.14,3818.0,3903.21,3861.42827,3728
2024-12-18 04:38:25,XETHZUSD,3821.13,3321.74463903,3821.13,3821.14,3818.0,3903.21,3861.42827,3728
2024-12-18 04:38:29,XETHZUSD,3821.13,3321.74463903,3821.13,3821.14,3818.0,3903.21,3861.42827,3728
2024-12-18 04:38:32,XETHZUSD,3821.13,3321.74463903,3821.13,3821.14,3818.0,3903.21,3861.42827,3728
2024-12-18 04:38:35,XETHZUSD,3821.13,3321.74463903,3821.13,3821.14,3818.0,3903.21,3861.42827,3728
2024-12-18 04:38:38,XETHZUSD,3821.13,3321.74463903,3821.13,3821.14,3818.0,3903.21,3861.42827,3728
2024-12-18 04:38:41,XETHZUSD,3821.84,3323.3094944,3821.92,3821.93,3818.0,3903.21,3861.40946,3738
2024-12-18 04:38:44,XETHZUSD,3822.24,3323.32330052,3822.57,3822.58,3818.0,3903.21,3861.40929,3740
2024-12-18 04:38:47,XETHZUSD,3822.72,3323.33660518,3823.21,3823.22,3818.0,3903.21,3861.40914,3742
2024-12-18 04:38:50,XETHZUSD,3825.75,3323.35593107,3825.74,3825.75,3818.0,3903.21,3861.40892,3750
2024-12-18 04:38:53,XETHZUSD,3825.75,3323.35593107,3824.17,3824.45,3818.0,3903.21,3861.40892,3750
2024-12-18 04:38:56,XETHZUSD,3825.75,3323.35593107,3823.42,3823.43,3818.0,3903.21,3861.40892,3750
2024-12-18 04:38:59,XETHZUSD,3825.75,3323.35593107,3823.09,3823.43,3818.0,3903.21,3861.40892,3750
2024-12-18 04:39:02,XETHZUSD,3823.13,3323.35793107,3823.26,3823.43,3818.0,3903.21,3861.4089,3751
2024-12-18 04:39:05,XETHZUSD,3823.13,3323.35793107,3823.19,3823.2,3818.0,3903.21,3861.4089,3751
2024-12-18 04:39:09,XETHZUSD,3823.2,3323.40695947,3822.24,3822.45,3818.0,3903.21,3861.40833,3754
2024-12-18 04:39:12,XETHZUSD,3823.09,3323.53721718,3823.08,3823.09,3818.0,3903.21,3861.40683,3755
2024-12-18 04:39:15,XETHZUSD,3823.09,3323.53721718,3821.41,3821.63,3818.0,3903.21,3861.40683,3755
2024-12-18 04:39:18,XETHZUSD,3823.09,3323.53721718,3820.65,3821.56,3818.0,3903.21,3861.40683,3755
2024-12-18 04:39:21,XETHZUSD,3820.18,3323.6601511,3820.01,3820.62,3818.0,3903.21,3861.40531,3758
2024-12-18 04:39:24,XETHZUSD,3820.0,3325.56105109,3820.0,3820.01,3818.0,3903.21,3861.38165,3760
2024-12-18 04:39:27,XETHZUSD,3820.0,3325.56105109,3820.0,3820.01,3818.0,3903.21,3861.38165,3760
2024-12-18 04:39:30,XETHZUSD,3820.0,3325.6410511,3819.68,3819.69,3818.0,3903.21,3861.38065,3761
2024-12-18 04:39:33,XETHZUSD,3820.0,3325.6410511,3820.57,3820.68,3818.0,3903.21,3861.38065,3761
2024-12-18 04:39:36,XETHZUSD,3820.0,3325.6410511,3820.23,3821.09,3818.0,3903.21,3861.38065,3761
2024-12-18 04:39:39,XETHZUSD,3820.64,3326.14173962,3819.68,3820.35,3818.0,3903.21,3861.37452,3767
2024-12-18 04:39:42,XETHZUSD,3819.08,3339.63513577,3818.7,3819.72,3818.0,3903.21,3861.20392,3771
2024-12-18 04:39:45,XETHZUSD,3819.08,3339.63513577,3819.16,3819.4,3818.0,3903.21,3861.20392,3771
2024-12-18 04:39:49,XETHZUSD,3819.08,3339.63513577,3818.66,3819.56,3818.0,3903.21,3861.20392,3771
2024-12-18 04:39:52,XETHZUSD,3819.08,3339.63513577,3818.66,3818.67,3818.0,3903.21,3861.20392,3771
2024-12-18 04:39:55,XETHZUSD,3819.08,3339.63513577,3818.66,3818.67,3818.0,3903.21,3861.20392,3771
2024-12-18 04:39:58,XETHZUSD,3819.08,3339.63513577,3818.66,3818.67,3818.0,3903.21,3861.20392,3771
2024-12-18 04:40:01,XETHZUSD,3818.66,3340.2288784,3818.66,3818.67,3818.0,3903.21,3861.19636,3776
2024-12-18 04:40:04,XETHZUSD,3818.66,3340.2288784,3818.66,3818.67,3818.0,3903.21,3861.19636,3776
2024-12-18 04:40:07,XETHZUSD,3818.66,3340.2288784,3818.66,3819.06,3818.0,3903.21,3861.19636,3776
2024-12-18 04:40:10,XETHZUSD,3818.66,3340.2288784,3818.67,3818.96,3818.0,3903.21,3861.19636,3776
2024-12-18 04:40:14,XETHZUSD,3818.77,3340.43368279,3819.17,3819.47,3818.0,3903.21,3861.19376,3777
2024-12-18 04:40:17,XETHZUSD,3819.58,3340.43609952,3819.76,3819.92,3818.0,3903.21,3861.19373,3778
2024-12-18 04:40:20,XETHZUSD,3819.58,3340.43609952,3818.66,3818.67,3818.0,3903.21,3861.19373,3778
2024-12-18 04:40:23,XETHZUSD,3819.58,3340.43609952,3818.66,3819.05,3818.0,3903.21,3861.19373,3778
2024-12-18 04:40:27,XETHZUSD,3819.58,3340.43609952,3818.71,3818.72,3818.0,3903.21,3861.19373,3778
2024-12-18 04:40:29,XETHZUSD,3818.66,3340.48049952,3818.83,3818.85,3818.0,3903.21,3861.19316,3779
2024-12-18 04:40:32,XETHZUSD,3818.66,3340.48049952,3818.66,3818.67,3818.0,3903.21,3861.19316,3779
2024-12-18 04:40:36,XETHZUSD,3818.67,3340.48260235,3818.66,3818.67,3818.0,3903.21,3861.19313,3780
2024-12-18 04:40:39,XETHZUSD,3818.67,3340.48260235,3818.66,3818.67,3818.0,3903.21,3861.19313,3780
2024-12-18 04:40:42,XETHZUSD,3818.67,3340.48260235,3818.66,3818.67,3818.0,3903.21,3861.19313,3780
2024-12-18 04:40:45,XETHZUSD,3818.67,3340.48260235,3818.66,3818.67,3818.0,3903.21,3861.19313,3780
2024-12-18 04:40:48,XETHZUSD,3818.67,3340.48260235,3818.66,3818.67,3818.0,3903.21,3861.19313,3780
2024-12-18 04:40:51,XETHZUSD,3818.67,3340.48260235,3818.66,3818.67,3818.0,3903.21,3861.19313,3780
2024-12-18 04:40:54,XETHZUSD,3818.67,3340.48460235,3818.66,3818.67,3818.0,3903.21,3861.19311,3781
2024-12-18 04:40:57,XETHZUSD,3818.67,3340.48460235,3818.66,3818.67,3818.0,3903.21,3861.19311,3781
2024-12-18 04:41:01,XETHZUSD,3818.67,3342.21508139,3818.66,3818.67,3818.0,3903.21,3861.17109,3784
2024-12-18 04:41:04,XETHZUSD,3818.67,3342.26440997,3818.66,3818.67,3818.0,3903.21,3861.17046,3785
2024-12-18 04:41:07,XETHZUSD,3818.67,3342.26440997,3818.66,3818.67,3818.0,3903.21,3861.17046,3785
2024-12-18 04:41:10,XETHZUSD,3818.67,3342.26440997,3818.66,3818.67,3818.0,3903.21,3861.17046,3785
2024-12-18 04:41:13,XETHZUSD,3818.67,3342.26440997,3818.66,3818.67,3818.0,3903.21,3861.17046,3785
2024-12-18 04:41:16,XETHZUSD,3818.66,3342.27795983,3818.66,3818.67,3818.0,3903.21,3861.17029,3786
2024-12-18 04:41:19,XETHZUSD,3818.01,3342.78517061,3818.0,3818.01,3818.0,3903.21,3861.16381,3790
2024-12-18 04:41:22,XETHZUSD,3818.01,3342.78517061,3818.0,3818.01,3818.0,3903.21,3861.16381,3790
2024-12-18 04:41:25,XETHZUSD,3814.71,3352.57715918,3815.08,3815.36,3814.7,3903.21,3861.03681,3808
2024-12-18 04:41:28,XETHZUSD,3814.71,3352.57715918,3816.71,3817.14,3814.7,3903.21,3861.03681,3808
2024-12-18 04:41:32,XETHZUSD,3817.23,3354.15911918,3817.23,3817.24,3814.7,3903.21,3861.01615,3810
2024-12-18 04:41:34,XETHZUSD,3817.23,3354.15911918,3817.23,3817.24,3814.7,3903.21,3861.01615,3810
2024-12-18 04:41:37,XETHZUSD,3817.23,3354.15911918,3817.23,3817.24,3814.7,3903.21,3861.01615,3810
2024-12-18 04:41:41,XETHZUSD,3817.23,3354.15911918,3817.23,3817.24,3814.7,3903.21,3861.01615,3810
2024-12-18 04:41:44,XETHZUSD,3817.24,3354.21999131,3817.23,3817.24,3814.7,3903.21,3861.01536,3811
2024-12-18 04:41:47,XETHZUSD,3817.24,3354.21999131,3817.23,3817.24,3814.7,3903.21,3861.01536,3811
2024-12-18 04:41:50,XETHZUSD,3817.24,3354.21999131,3817.23,3817.24,3814.7,3903.21,3861.01536,3811
2024-12-18 04:41:53,XETHZUSD,3817.24,3354.90883491,3818.0,3818.01,3814.7,3903.21,3861.00637,3813
2024-12-18 04:41:56,XETHZUSD,3818.01,3366.62533491,3818.0,3818.01,3814.7,3903.21,3860.85674,3815
2024-12-18 04:41:59,XETHZUSD,3823.59,3367.0272476,3822.72,3823.6,3814.7,3903.21,3860.85216,3824
2024-12-18 04:42:02,XETHZUSD,3823.8,3367.04082912,3823.05,3823.35,3814.7,3903.21,3860.85201,3827
2024-12-18 04:42:05,XETHZUSD,3823.8,3367.04082912,3823.17,3823.6,3814.7,3903.21,3860.85201,3827
2024-12-18 04:42:09,XETHZUSD,3823.67,3367.10307867,3822.83,3823.39,3814.7,3903.21,3860.85132,3828
2024-12-18 04:42:12,XETHZUSD,3823.67,3367.10307867,3822.65,3823.71,3814.7,3903.21,3860.85132,3828
2024-12-18 04:42:15,XETHZUSD,3824.07,3367.22307867,3823.48,3824.3,3814.7,3903.21,3860.85001,3833
2024-12-18 04:42:18,XETHZUSD,3824.07,3367.22307867,3823.72,3824.27,3814.7,3903.21,3860.85001,3833
2024-12-18 04:42:21,XETHZUSD,3823.36,3367.22597867,3823.35,3823.36,3814.7,3903.21,3860.84998,3834
2024-12-18 04:42:24,XETHZUSD,3823.36,3367.22597867,3823.35,3823.36,3814.7,3903.21,3860.84998,3834
2024-12-18 04:42:28,XETHZUSD,3824.3,3369.17403738,3824.29,3824.3,3814.7,3903.21,3860.82863,3841
2024-12-18 04:42:32,XETHZUSD,3824.82,3369.86218504,3825.62,3825.63,3814.7,3903.21,3860.82118,3847
2024-12-18 04:42:35,XETHZUSD,3824.82,3369.86218504,3825.62,3825.63,3814.7,3903.21,3860.82118,3847
2024-12-18 04:42:39,XETHZUSD,3828.59,3370.05718504,3829.19,3829.2,3814.7,3903.21,3860.8193,3856
2024-12-18 04:42:42,XETHZUSD,3829.59,3370.17718504,3828.79,3829.23,3814.7,3903.21,3860.81819,3858
2024-12-18 04:42:45,XETHZUSD,3829.59,3370.17718504,3828.61,3829.45,3814.7,3903.21,3860.81819,3858
2024-12-18 04:42:48,XETHZUSD,3829.59,3370.17718504,3829.77,3829.79,3814.7,3903.21,3860.81819,3858
2024-12-18 04:42:52,XETHZUSD,3829.59,3370.17718504,3829.28,3829.79,3814.7,3903.21,3860.81819,3858
2024-12-18 04:42:55,XETHZUSD,3830.33,3370.24978752,3830.51,3830.52,3814.7,3903.21,3860.81753,3861
2024-12-18 04:42:59,XETHZUSD,3830.33,3370.24978752,3830.51,3830.52,3814.7,3903.21,3860.81753,3861
2024-12-18 04:43:02,XETHZUSD,3830.33,3370.24978752,3830.51,3830.52,3814.7,3903.21,3860.81753,3861
2024-12-18 04:43:05,XETHZUSD,3830.33,3370.24978752,3830.51,3830.52,3814.7,3903.21,3860.81753,3861
2024-12-18 04:43:08,XETHZUSD,3831.62,3370.425367,3830.71,3831.78,3814.7,3903.21,3860.81601,3868
2024-12-18 04:43:11,XETHZUSD,3831.62,3370.425367,3830.7,3831.54,3814.7,3903.21,3860.81601,3868
2024-12-18 04:43:14,XETHZUSD,3831.62,3370.425367,3830.99,3831.0,3814.7,3903.21,3860.81601,3868
2024-12-18 04:43:18,XETHZUSD,3831.62,3370.425367,3830.99,3831.0,3814.7,3903.21,3860.81601,3868
2024-12-18 04:43:21,XETHZUSD,3831.62,3370.425367,3830.99,3831.0,3814.7,3903.21,3860.81601,3868
2024-12-18 04:43:24,XETHZUSD,3831.0,3370.988367,3830.99,3831.0,3814.7,3903.21,3860.81103,3869
2024-12-18 04:43:28,XETHZUSD,3831.0,3370.988367,3830.99,3831.0,3814.7,3903.21,3860.81103,3869
2024-12-18 04:43:31,XETHZUSD,3831.0,3370.988367,3830.99,3831.0,3814.7,3903.21,3860.81103,3869
2024-12-18 04:43:34,XETHZUSD,3832.37,3372.32173176,3832.36,3832.37,3814.7,3903.21,3860.7993,3878
2024-12-18 04:43:37,XETHZUSD,3834.35,3372.67256154,3834.05,3834.46,3814.7,3903.21,3860.79654,3882
2024-12-18 04:43:40,XETHZUSD,3834.35,3372.67256154,3833.68,3833.75,3814.7,3903.21,3860.79654,3882
2024-12-18 04:43:44,XETHZUSD,3834.35,3372.67256154,3833.85,3833.86,3814.7,3903.21,3860.79654,3882
2024-12-18 04:43:47,XETHZUSD,3834.35,3372.67256154,3833.85,3834.15,3814.7,3903.21,3860.79654,3882
2024-12-18 04:43:51,XETHZUSD,3834.35,3372.67256154,3834.84,3834.87,3814.7,3903.21,3860.79654,3882
2024-12-18 04:43:54,XETHZUSD,3834.35,3372.67256154,3834.84,3834.86,3814.7,3903.21,3860.79654,3882
2024-12-18 04:43:57,XETHZUSD,3834.35,3372.67256154,3834.87,3834.88,3814.7,3903.21,3860.79654,3882
2024-12-18 04:44:00,XETHZUSD,3834.88,3374.37056154,3834.87,3835.11,3814.7,3903.21,3860.7835,3884
2024-12-18 04:44:03,XETHZUSD,3834.88,3374.37056154,3834.87,3834.88,3814.7,3903.21,3860.7835,3884
2024-12-18 04:44:07,XETHZUSD,3834.88,3374.37056154,3834.87,3834.88,3814.7,3903.21,3860.7835,3884
2024-12-18 04:44:10,XETHZUSD,3834.88,3374.37056154,3834.87,3834.88,3814.7,3903.21,3860.7835,3884
2024-12-18 04:44:13,XETHZUSD,3834.88,3374.37056154,3834.87,3834.88,3814.7,3903.21,3860.7835,3884
2024-12-18 04:44:16,XETHZUSD,3834.88,3374.37056154,3834.87,3834.88,3814.7,3903.21,3860.7835,3884
2024-12-18 04:44:19,XETHZUSD,3834.88,3374.60209012,3834.87,3834.88,3814.7,3903.21,3860.78172,3888
2024-12-18 04:44:23,XETHZUSD,3834.88,3374.60209012,3834.87,3834.88,3814.7,3903.21,3860.78172,3888
2024-12-18 04:44:26,XETHZUSD,3834.88,3374.66649892,3834.87,3834.88,3814.7,3903.21,3860.78123,3889
2024-12-18 04:44:29,XETHZUSD,3834.88,3374.90097636,3834.87,3834.88,3814.7,3903.21,3860.77943,3891
2024-12-18 04:44:32,XETHZUSD,3834.88,3374.90097636,3834.87,3834.88,3814.7,3903.21,3860.77943,3891
2024-12-18 04:44:36,XETHZUSD,3834.88,3374.90097636,3834.87,3834.88,3814.7,3903.21,3860.77943,3891
2024-12-18 04:44:39,XETHZUSD,3834.88,3374.90097636,3834.87,3834.88,3814.7,3903.21,3860.77943,3891
2024-12-18 04:44:42,XETHZUSD,3834.88,3374.90097636,3834.87,3834.88,3814.7,3903.21,3860.77943,3891
2024-12-18 04:44:45,XETHZUSD,3834.88,3374.92635508,3834.87,3834.88,3814.7,3903.21,3860.77923,3892
2024-12-18 04:44:49,XETHZUSD,3835.91,3377.92635508,3835.91,3835.92,3814.7,3903.21,3860.75684,3897
2024-12-18 04:44:52,XETHZUSD,3835.91,3377.92635508,3835.91,3835.92,3814.7,3903.21,3860.75684,3897
2024-12-18 04:44:55,XETHZUSD,3835.91,3377.92635508,3835.91,3835.92,3814.7,3903.21,3860.75684,3897
2024-12-18 04:44:58,XETHZUSD,3835.91,3377.92635508,3835.91,3835.92,3814.7,3903.21,3860.75684,3897
2024-12-18 04:45:02,XETHZUSD,3835.91,3377.92635508,3835.91,3835.92,3814.7,3903.21,3860.75684,3897
2024-12-18 04:45:05,XETHZUSD,3835.92,3378.02635508,3835.91,3835.92,3814.7,3903.21,3860.75611,3900
2024-12-18 04:45:08,XETHZUSD,3835.92,3378.02635508,3834.5,3834.51,3814.7,3903.21,3860.75611,3900
2024-12-18 04:45:11,XETHZUSD,3834.51,3378.02896202,3834.5,3834.51,3814.7,3903.21,3860.75609,3901
2024-12-18 04:45:15,XETHZUSD,3834.51,3378.02896202,3834.5,3834.51,3814.7,3903.21,3860.75609,3901
2024-12-18 04:45:18,XETHZUSD,3834.51,3378.02896202,3834.5,3834.51,3814.7,3903.21,3860.75609,3901
2024-12-18 04:45:21,XETHZUSD,3834.51,3378.02896202,3834.5,3834.51,3814.7,3903.21,3860.75609,3901
2024-12-18 04:45:24,XETHZUSD,3834.51,3378.02896202,3834.5,3834.51,3814.7,3903.21,3860.75609,3901
2024-12-18 04:45:27,XETHZUSD,3834.51,3378.10510494,3834.64,3834.65,3814.7,3903.21,3860.75549,3902
2024-12-18 04:45:30,XETHZUSD,3834.51,3378.10510494,3834.64,3834.65,3814.7,3903.21,3860.75549,3902
2024-12-18 04:45:33,XETHZUSD,3834.51,3378.10510494,3834.64,3834.65,3814.7,3903.21,3860.75549,3902
2024-12-18 04:45:36,XETHZUSD,3834.51,3378.10510494,3834.64,3834.65,3814.7,3903.21,3860.75549,3902
2024-12-18 04:45:40,XETHZUSD,3834.51,3378.10510494,3834.64,3834.65,3814.7,3903.21,3860.75549,3902
2024-12-18 04:45:43,XETHZUSD,3834.51,3378.10510494,3834.64,3834.65,3814.7,3903.21,3860.75549,3902
2024-12-18 04:45:46,XETHZUSD,3834.51,3378.10510494,3834.64,3834.65,3814.7,3903.21,3860.75549,3902
2024-12-18 04:45:49,XETHZUSD,3834.51,3378.10510494,3834.64,3834.65,3814.7,3903.21,3860.75549,3902
2024-12-18 04:45:52,XETHZUSD,3834.51,3378.10510494,3834.64,3834.65,3814.7,3903.21,3860.75549,3902
2024-12-18 04:45:55,XETHZUSD,3834.51,3378.10510494,3834.64,3834.65,3814.7,3903.21,3860.75549,3902
2024-12-18 04:45:59,XETHZUSD,3834.51,3378.10510494,3834.64,3834.65,3814.7,3903.21,3860.75549,3902
2024-12-18 04:46:02,XETHZUSD,3834.51,3378.10510494,3834.64,3834.65,3814.7,3903.21,3860.75549,3902
2024-12-18 04:46:05,XETHZUSD,3834.65,3378.23381805,3834.64,3834.65,3814.7,3903.21,3860.7545,3905
2024-12-18 04:46:08,XETHZUSD,3834.65,3378.23381805,3834.64,3834.65,3814.7,3903.21,3860.7545,3905
2024-12-18 04:46:12,XETHZUSD,3834.64,3378.24281804,3834.64,3834.65,3814.7,3903.21,3860.75443,3906
2024-12-18 04:46:15,XETHZUSD,3834.64,3378.24557804,3834.64,3834.65,3814.7,3903.21,3860.75441,3907
2024-12-18 04:46:18,XETHZUSD,3834.64,3378.24557804,3834.64,3834.65,3814.7,3903.21,3860.75441,3907
2024-12-18 04:46:21,XETHZUSD,3834.65,3378.48972045,3834.64,3834.65,3814.7,3903.21,3860.75252,3909
2024-12-18 04:46:24,XETHZUSD,3834.65,3378.48972045,3834.64,3834.65,3814.7,3903.21,3860.75252,3909
2024-12-18 04:46:27,XETHZUSD,3834.65,3378.48972045,3834.64,3834.65,3814.7,3903.21,3860.75252,3909
2024-12-18 04:46:30,XETHZUSD,3834.64,3378.60090819,3834.64,3834.65,3814.7,3903.21,3860.75166,3911
2024-12-18 04:46:34,XETHZUSD,3834.65,3378.79125855,3834.64,3834.65,3814.7,3903.21,3860.75019,3912
2024-12-18 04:46:37,XETHZUSD,3834.65,3378.79125855,3834.64,3834.65,3814.7,3903.21,3860.75019,3912
2024-12-18 04:46:40,XETHZUSD,3834.65,3378.79125855,3834.64,3834.65,3814.7,3903.21,3860.75019,3912
2024-12-18 04:46:43,XETHZUSD,3834.65,3378.79125855,3834.64,3834.65,3814.7,3903.21,3860.75019,3912
2024-12-18 04:46:46,XETHZUSD,3834.5,3379.17737564,3833.87,3833.88,3814.7,3903.21,3860.7472,3916
2024-12-18 04:46:50,XETHZUSD,3833.87,3379.32737564,3830.99,3831.0,3814.7,3903.21,3860.746,3917
2024-12-18 04:46:53,XETHZUSD,3833.87,3379.32737564,3830.99,3831.0,3814.7,3903.21,3860.746,3917
2024-12-18 04:46:56,XETHZUSD,3830.99,3379.47447855,3829.01,3829.02,3814.7,3903.21,3860.74471,3919
2024-12-18 04:47:00,XETHZUSD,3830.99,3379.47447855,3829.01,3829.02,3814.7,3903.21,3860.74471,3919
2024-12-18 04:47:03,XETHZUSD,3829.01,3379.75059496,3825.82,3826.03,3814.7,3903.21,3860.74212,3921
2024-12-18 04:47:06,XETHZUSD,3829.01,3379.75059496,3825.05,3825.87,3814.7,3903.21,3860.74212,3921
2024-12-18 04:47:09,XETHZUSD,3829.01,3379.75059496,3826.14,3826.33,3814.7,3903.21,3860.74212,3921
2024-12-18 04:47:12,XETHZUSD,3824.75,3379.78059496,3825.58,3825.59,3814.7,3903.21,3860.74181,3923
2024-12-18 04:47:15,XETHZUSD,3824.75,3379.78059496,3825.57,3825.59,3814.7,3903.21,3860.74181,3923
2024-12-18 04:47:19,XETHZUSD,3826.23,3379.79179987,3824.8,3825.86,3814.7,3903.21,3860.74169,3924
2024-12-18 04:47:22,XETHZUSD,3826.23,3379.79179987,3826.33,3826.34,3814.7,3903.21,3860.74169,3924
2024-12-18 04:47:25,XETHZUSD,3826.23,3379.79179987,3826.33,3826.34,3814.7,3903.21,3860.74169,3924
2024-12-18 04:47:29,XETHZUSD,3826.33,3379.83204324,3826.33,3826.34,3814.7,3903.21,3860.74128,3925
2024-12-18 04:47:32,XETHZUSD,3826.33,3379.83204324,3826.33,3826.34,3814.7,3903.21,3860.74128,3925
2024-12-18 04:47:35,XETHZUSD,3826.33,3379.83204324,3826.33,3826.34,3814.7,3903.21,3860.74128,3925
2024-12-18 04:47:38,XETHZUSD,3826.33,3379.83204324,3826.33,3826.34,3814.7,3903.21,3860.74128,3925
2024-12-18 04:47:41,XETHZUSD,3826.33,3379.83204324,3826.33,3826.34,3814.7,3903.21,3860.74128,3925
2024-12-18 04:47:44,XETHZUSD,3826.33,3379.83204324,3826.33,3826.34,3814.7,3903.21,3860.74128,3925
2024-12-18 04:47:47,XETHZUSD,3826.33,3379.83204324,3826.33,3826.34,3814.7,3903.21,3860.74128,3925
2024-12-18 04:47:50,XETHZUSD,3826.33,3379.83204324,3826.33,3826.34,3814.7,3903.21,3860.74128,3925
2024-12-18 04:47:54,XETHZUSD,3826.33,3379.83204324,3826.33,3826.34,3814.7,3903.21,3860.74128,3925
2024-12-18 04:47:57,XETHZUSD,3826.33,3379.83204324,3826.33,3826.34,3814.7,3903.21,3860.74128,3925
2024-12-18 04:48:00,XETHZUSD,3826.33,3379.83204324,3826.33,3826.34,3814.7,3903.21,3860.74128,3925
2024-12-18 04:48:03,XETHZUSD,3826.33,3379.83204324,3826.33,3826.34,3814.7,3903.21,3860.74128,3925
2024-12-18 04:48:07,XETHZUSD,3826.33,3379.83204324,3826.33,3826.34,3814.7,3903.21,3860.74128,3925
2024-12-18 04:48:10,XETHZUSD,3826.33,3379.83204324,3826.33,3826.34,3814.7,3903.21,3860.74128,3925
2024-12-18 04:48:13,XETHZUSD,3826.33,3379.83204324,3826.33,3826.34,3814.7,3903.21,3860.74128,3925
2024-12-18 04:48:16,XETHZUSD,3826.33,3379.83204324,3826.33,3826.34,3814.7,3903.21,3860.74128,3925
2024-12-18 04:48:19,XETHZUSD,3826.33,3379.83204324,3826.33,3826.34,3814.7,3903.21,3860.74128,3925
2024-12-18 04:48:22,XETHZUSD,3826.33,3379.83204324,3826.33,3826.34,3814.7,3903.21,3860.74128,3925
2024-12-18 04:48:26,XETHZUSD,3826.33,3379.83204324,3826.33,3826.34,3814.7,3903.21,3860.74128,3925
2024-12-18 04:48:30,XETHZUSD,3826.33,3379.83204324,3826.33,3826.34,3814.7,3903.21,3860.74128,3925
2024-12-18 04:48:33,XETHZUSD,3826.33,3379.83204324,3826.33,3826.34,3814.7,3903.21,3860.74128,3925
2024-12-18 04:48:37,XETHZUSD,3826.33,3379.83204324,3826.33,3826.34,3814.7,3903.21,3860.74128,3925
2024-12-18 04:48:41,XETHZUSD,3826.97,3594.05303887,3827.0,3827.01,3814.7,3903.21,3858.70785,3941
2024-12-18 04:48:44,XETHZUSD,3826.97,3594.05303887,3827.0,3827.01,3814.7,3903.21,3858.70785,3941
2024-12-18 04:48:48,XETHZUSD,3826.97,3594.05303887,3827.0,3827.01,3814.7,3903.21,3858.70785,3941
2024-12-18 04:48:51,XETHZUSD,3826.97,3594.05303887,3827.0,3827.01,3814.7,3903.21,3858.70785,3941
2024-12-18 04:48:55,XETHZUSD,3827.01,3594.06349089,3827.0,3827.02,3814.7,3903.21,3858.70776,3943
2024-12-18 04:48:58,XETHZUSD,3827.01,3594.06349089,3827.0,3827.01,3814.7,3903.21,3858.70776,3943
2024-12-18 04:49:01,XETHZUSD,3827.01,3594.06349089,3827.0,3827.01,3814.7,3903.21,3858.70776,3943
2024-12-18 04:49:04,XETHZUSD,3827.01,3594.06349089,3827.0,3827.01,3814.7,3903.21,3858.70776,3943
2024-12-18 04:49:07,XETHZUSD,3827.01,3594.06349089,3827.0,3827.01,3814.7,3903.21,3858.70776,3943
2024-12-18 04:49:11,XETHZUSD,3827.01,3594.06349089,3827.0,3827.01,3814.7,3903.21,3858.70776,3943
2024-12-18 04:49:14,XETHZUSD,3827.01,3594.06349089,3827.0,3827.01,3814.7,3903.21,3858.70776,3943
2024-12-18 04:49:18,XETHZUSD,3827.01,3594.06349089,3827.0,3827.01,3814.7,3903.21,3858.70776,3943
2024-12-18 04:49:21,XETHZUSD,3827.01,3594.06349089,3827.0,3827.01,3814.7,3903.21,3858.70776,3943
2024-12-18 04:49:24,XETHZUSD,3827.01,3594.07916896,3826.57,3826.78,3814.7,3903.21,3858.70762,3944
2024-12-18 04:49:28,XETHZUSD,3827.01,3594.07916896,3826.99,3827.01,3814.7,3903.21,3858.70762,3944
2024-12-18 04:49:31,XETHZUSD,3827.01,3594.07916896,3827.0,3827.01,3814.7,3903.21,3858.70762,3944
2024-12-18 04:49:34,XETHZUSD,3827.01,3594.07916896,3827.0,3827.01,3814.7,3903.21,3858.70762,3944
2024-12-18 04:49:38,XETHZUSD,3827.01,3594.07916896,3827.0,3827.01,3814.7,3903.21,3858.70762,3944
2024-12-18 04:49:41,XETHZUSD,3827.01,3594.07916896,3827.0,3827.01,3814.7,3903.21,3858.70762,3944
2024-12-18 04:49:44,XETHZUSD,3826.08,3649.76083748,3826.06,3826.12,3814.7,3903.21,3858.21013,3948
2024-12-18 04:49:47,XETHZUSD,3826.08,3649.76083748,3825.27,3825.28,3814.7,3903.21,3858.21013,3948
2024-12-18 04:49:50,XETHZUSD,3826.08,3649.76083748,3823.74,3824.28,3814.7,3903.21,3858.21013,3948
2024-12-18 04:49:53,XETHZUSD,3824.23,3649.86083748,3823.75,3824.31,3814.7,3903.21,3858.2092,3949
2024-12-18 04:49:56,XETHZUSD,3824.23,3649.86083748,3823.74,3824.24,3814.7,3903.21,3858.2092,3949
2024-12-18 04:50:00,XETHZUSD,3824.23,3649.86083748,3823.74,3824.32,3814.7,3903.21,3858.2092,3949
2024-12-18 04:50:03,XETHZUSD,3824.23,3649.86083748,3823.74,3824.19,3814.7,3903.21,3858.2092,3949
2024-12-18 04:50:06,XETHZUSD,3824.23,3649.86083748,3824.31,3824.32,3814.7,3903.21,3858.2092,3949
2024-12-18 04:50:09,XETHZUSD,3824.23,3649.86083748,3824.31,3824.32,3814.7,3903.21,3858.2092,3949
2024-12-18 04:50:12,XETHZUSD,3824.32,3650.90502094,3824.31,3824.32,3814.7,3903.21,3858.19951,3950
2024-12-18 04:50:15,XETHZUSD,3824.32,3650.90502094,3824.31,3824.32,3814.7,3903.21,3858.19951,3950
2024-12-18 04:50:18,XETHZUSD,3825.28,3651.64236991,3825.27,3825.28,3814.7,3903.21,3858.19273,3952
2024-12-18 04:50:22,XETHZUSD,3825.28,3651.64236991,3825.27,3825.28,3814.7,3903.21,3858.19273,3952
2024-12-18 04:50:25,XETHZUSD,3825.28,3651.64236991,3825.27,3825.28,3814.7,3903.21,3858.19273,3952
2024-12-18 04:50:28,XETHZUSD,3825.28,3651.64236991,3825.27,3825.28,3814.7,3903.21,3858.19273,3952
2024-12-18 04:50:31,XETHZUSD,3825.28,3651.64236991,3825.27,3825.28,3814.7,3903.21,3858.19273,3952
2024-12-18 04:50:34,XETHZUSD,3825.28,3651.64236991,3825.27,3825.28,3814.7,3903.21,3858.19273,3952
2024-12-18 04:50:38,XETHZUSD,3825.28,3651.64236991,3825.27,3825.28,3814.7,3903.21,3858.19273,3952
2024-12-18 04:50:40,XETHZUSD,3827.32,3651.74236991,3825.87,3826.38,3814.7,3903.21,3858.19184,3956
2024-12-18 04:50:44,XETHZUSD,3826.13,3651.74478251,3825.71,3825.72,3814.7,3903.21,3858.19181,3957
2024-12-18 04:50:47,XETHZUSD,3826.13,3651.74478251,3825.71,3825.88,3814.7,3903.21,3858.19181,3957
2024-12-18 04:50:50,XETHZUSD,3826.13,3651.74478251,3825.87,3825.88,3814.7,3903.21,3858.19181,3957
2024-12-18 04:50:53,XETHZUSD,3826.13,3651.74478251,3824.61,3824.79,3814.7,3903.21,3858.19181,3957
2024-12-18 04:50:56,XETHZUSD,3826.13,3651.74478251,3824.92,3825.44,3814.7,3903.21,3858.19181,3957
2024-12-18 04:50:59,XETHZUSD,3826.13,3651.74478251,3825.31,3825.6,3814.7,3903.21,3858.19181,3957
2024-12-18 04:51:03,XETHZUSD,3826.13,3651.74478251,3823.57,3824.23,3814.7,3903.21,3858.19181,3957
2024-12-18 04:51:05,XETHZUSD,3826.13,3651.74478251,3824.28,3824.65,3814.7,3903.21,3858.19181,3957
2024-12-18 04:51:09,XETHZUSD,3826.13,3651.74478251,3823.57,3824.33,3814.7,3903.21,3858.19181,3957
2024-12-18 04:51:12,XETHZUSD,3824.32,3651.74904251,3824.64,3824.65,3814.7,3903.21,3858.19177,3958
2024-12-18 04:51:15,XETHZUSD,3825.07,3653.44994251,3824.93,3825.01,3814.7,3903.21,3858.17635,3960
2024-12-18 04:51:18,XETHZUSD,3825.07,3653.44994251,3824.53,3825.25,3814.7,3903.21,3858.17635,3960
2024-12-18 04:51:21,XETHZUSD,3825.06,3653.51340412,3824.65,3824.98,3814.7,3903.21,3858.17578,3961
2024-12-18 04:51:24,XETHZUSD,3825.06,3653.51340412,3823.57,3824.7,3814.7,3903.21,3858.17578,3961
2024-12-18 04:51:28,XETHZUSD,3824.01,3653.53378345,3824.0,3824.01,3814.7,3903.21,3858.17559,3962
2024-12-18 04:51:31,XETHZUSD,3824.01,3653.53378345,3824.05,3824.49,3814.7,3903.21,3858.17559,3962
2024-12-18 04:51:34,XETHZUSD,3824.01,3653.53378345,3824.51,3824.52,3814.7,3903.21,3858.17559,3962
2024-12-18 04:51:37,XETHZUSD,3824.01,3653.53378345,3824.0,3824.02,3814.7,3903.21,3858.17559,3962
2024-12-18 04:51:40,XETHZUSD,3824.01,3653.53378345,3824.0,3824.01,3814.7,3903.21,3858.17559,3962
2024-12-18 04:51:43,XETHZUSD,3824.01,3653.53378345,3824.0,3824.01,3814.7,3903.21,3858.17559,3962
2024-12-18 04:51:46,XETHZUSD,3824.0,3653.87228065,3824.0,3824.01,3814.7,3903.21,3858.17242,3967
2024-12-18 04:51:49,XETHZUSD,3824.0,3653.87228065,3824.0,3824.01,3814.7,3903.21,3858.17242,3967
2024-12-18 04:51:53,XETHZUSD,3824.0,3653.87228065,3824.0,3824.01,3814.7,3903.21,3858.17242,3967
2024-12-18 04:51:55,XETHZUSD,3824.0,3653.87228065,3824.0,3824.01,3814.7,3903.21,3858.17242,3967
2024-12-18 04:51:59,XETHZUSD,3824.0,3653.87228065,3824.0,3824.01,3814.7,3903.21,3858.17242,3967
2024-12-18 04:52:02,XETHZUSD,3824.0,3653.87228065,3824.0,3824.01,3814.7,3903.21,3858.17242,3967
2024-12-18 04:52:05,XETHZUSD,3824.0,3653.87228065,3824.0,3824.01,3814.7,3903.21,3858.17242,3967
2024-12-18 04:52:08,XETHZUSD,3824.0,3653.87228065,3824.0,3824.01,3814.7,3903.21,3858.17242,3967
2024-12-18 04:52:11,XETHZUSD,3824.0,3653.87228065,3824.01,3824.02,3814.7,3903.21,3858.17242,3967
2024-12-18 04:52:14,XETHZUSD,3824.0,3653.87228065,3824.01,3824.02,3814.7,3903.21,3858.17242,3967
2024-12-18 04:52:18,XETHZUSD,3824.0,3653.87228065,3824.01,3824.02,3814.7,3903.21,3858.17242,3967
2024-12-18 04:52:21,XETHZUSD,3824.0,3653.87228065,3824.01,3824.02,3814.7,3903.21,3858.17242,3967
2024-12-18 04:52:24,XETHZUSD,3824.01,3654.30352134,3824.01,3824.02,3814.7,3903.21,3858.16839,3968
2024-12-18 04:52:27,XETHZUSD,3824.01,3654.30352134,3824.01,3824.02,3814.7,3903.21,3858.16839,3968
2024-12-18 04:52:30,XETHZUSD,3824.01,3654.95352134,3824.01,3824.02,3814.7,3903.21,3858.16232,3969
2024-12-18 04:52:33,XETHZUSD,3824.01,3654.95352134,3824.01,3824.02,3814.7,3903.21,3858.16232,3969
2024-12-18 04:52:36,XETHZUSD,3824.01,3654.95352134,3824.01,3824.02,3814.7,3903.21,3858.16232,3969
2024-12-18 04:52:39,XETHZUSD,3824.01,3654.95352134,3824.0,3824.01,3814.7,3903.21,3858.16232,3969
2024-12-18 04:52:43,XETHZUSD,3824.01,3654.95352134,3824.0,3824.01,3814.7,3903.21,3858.16232,3969
2024-12-18 04:52:46,XETHZUSD,3824.01,3654.95352134,3824.0,3824.01,3814.7,3903.21,3858.16232,3969
2024-12-18 04:52:49,XETHZUSD,3824.01,3654.95352134,3824.0,3824.01,3814.7,3903.21,3858.16232,3969
2024-12-18 04:52:52,XETHZUSD,3824.01,3654.95352134,3824.0,3824.01,3814.7,3903.21,3858.16232,3969
2024-12-18 04:52:55,XETHZUSD,3824.01,3654.95352134,3824.0,3824.01,3814.7,3903.21,3858.16232,3969
2024-12-18 04:52:58,XETHZUSD,3824.01,3654.95352134,3824.0,3824.01,3814.7,3903.21,3858.16232,3969
2024-12-18 04:53:01,XETHZUSD,3824.01,3654.95352134,3824.0,3824.01,3814.7,3903.21,3858.16232,3969
2024-12-18 04:53:04,XETHZUSD,3824.01,3654.95352134,3824.0,3824.01,3814.7,3903.21,3858.16232,3969
2024-12-18 04:53:07,XETHZUSD,3824.01,3654.95352134,3824.0,3824.01,3814.7,3903.21,3858.16232,3969
2024-12-18 04:53:11,XETHZUSD,3824.01,3654.95352134,3824.0,3824.01,3814.7,3903.21,3858.16232,3969
2024-12-18 04:53:14,XETHZUSD,3824.01,3654.95352134,3824.0,3824.01,3814.7,3903.21,3858.16232,3969
2024-12-18 04:53:17,XETHZUSD,3824.01,3654.95352134,3824.0,3824.01,3814.7,3903.21,3858.16232,3969
2024-12-18 04:53:20,XETHZUSD,3824.01,3655.02041258,3824.0,3824.01,3814.7,3903.21,3858.16169,3972
2024-12-18 04:53:23,XETHZUSD,3824.69,3656.72261258,3824.37,3824.5,3814.7,3903.21,3858.14582,3978
2024-12-18 04:53:26,XETHZUSD,3824.69,3656.72261258,3824.69,3824.7,3814.7,3903.21,3858.14582,3978
2024-12-18 04:53:29,XETHZUSD,3824.69,3656.72261258,3824.57,3824.7,3814.7,3903.21,3858.14582,3978
2024-12-18 04:53:32,XETHZUSD,3824.69,3656.72261258,3824.69,3824.7,3814.7,3903.21,3858.14582,3978
2024-12-18 04:53:35,XETHZUSD,3824.69,3656.72261258,3824.52,3824.7,3814.7,3903.21,3858.14582,3978
2024-12-18 04:53:38,XETHZUSD,3824.69,3656.72261258,3824.69,3824.7,3814.7,3903.21,3858.14582,3978
2024-12-18 04:53:41,XETHZUSD,3824.69,3656.72261258,3824.69,3824.7,3814.7,3903.21,3858.14582,3978
2024-12-18 04:53:45,XETHZUSD,3826.97,3657.12868555,3827.21,3827.22,3814.7,3903.21,3858.14235,3982
2024-12-18 04:53:48,XETHZUSD,3826.97,3657.12868555,3827.21,3827.22,3814.7,3903.21,3858.14235,3982
2024-12-18 04:53:51,XETHZUSD,3827.41,3657.13770699,3827.4,3827.41,3814.7,3903.21,3858.14227,3984
2024-12-18 04:53:54,XETHZUSD,3827.41,3657.13770699,3827.4,3827.41,3814.7,3903.21,3858.14227,3984
2024-12-18 04:53:57,XETHZUSD,3827.4,3657.14070699,3827.4,3827.41,3814.7,3903.21,3858.14225,3985
2024-12-18 04:54:00,XETHZUSD,3827.7,3657.14580472,3827.69,3827.7,3814.7,3903.21,3858.1422,3987
2024-12-18 04:54:03,XETHZUSD,3827.7,3657.14580472,3827.69,3827.7,3814.7,3903.21,3858.1422,3987
2024-12-18 04:54:06,XETHZUSD,3827.96,3657.15566716,3830.04,3830.13,3814.7,3903.21,3858.14212,3989
2024-12-18 04:54:10,XETHZUSD,3828.43,3658.70566716,3827.95,3828.38,3814.7,3903.21,3858.12963,3992
2024-12-18 04:54:13,XETHZUSD,3828.43,3658.70566716,3827.88,3828.36,3814.7,3903.21,3858.12963,3992
2024-12-18 04:54:16,XETHZUSD,3827.88,3658.83496033,3826.73,3827.17,3814.7,3903.21,3858.12857,3993
2024-12-18 04:54:19,XETHZUSD,3827.88,3658.83496033,3826.49,3826.5,3814.7,3903.21,3858.12857,3993
2024-12-18 04:54:22,XETHZUSD,3828.31,3658.93817736,3828.26,3828.88,3814.7,3903.21,3858.12772,3994
2024-12-18 04:54:25,XETHZUSD,3828.31,3658.93817736,3829.15,3829.89,3814.7,3903.21,3858.12772,3994
2024-12-18 04:54:28,XETHZUSD,3828.31,3658.93817736,3829.92,3830.3,3814.7,3903.21,3858.12772,3994
2024-12-18 04:54:31,XETHZUSD,3830.47,3658.95387736,3831.0,3831.01,3814.7,3903.21,3858.12761,3995
2024-12-18 04:54:35,XETHZUSD,3830.47,3658.95387736,3831.0,3831.01,3814.7,3903.21,3858.12761,3995
2024-12-18 04:54:38,XETHZUSD,3830.47,3658.95387736,3831.0,3831.01,3814.7,3903.21,3858.12761,3995
2024-12-18 04:54:41,XETHZUSD,3831.01,3658.95565057,3831.0,3831.01,3814.7,3903.21,3858.12759,3996
2024-12-18 04:54:44,XETHZUSD,3831.01,3658.95565057,3831.0,3831.01,3814.7,3903.21,3858.12759,3996
2024-12-18 04:54:47,XETHZUSD,3831.01,3658.95565057,3831.0,3831.01,3814.7,3903.21,3858.12759,3996
2024-12-18 04:54:50,XETHZUSD,3833.12,3658.96363778,3832.3,3833.17,3814.7,3903.21,3858.12754,3998
2024-12-18 04:54:54,XETHZUSD,3833.12,3658.96363778,3832.61,3833.04,3814.7,3903.21,3858.12754,3998
2024-12-18 04:54:57,XETHZUSD,3833.3,3660.66393778,3832.94,3833.29,3814.7,3903.21,3858.116,3999
2024-12-18 04:55:00,XETHZUSD,3833.3,3660.66393778,3832.39,3832.4,3814.7,3903.21,3858.116,3999
2024-12-18 04:55:03,XETHZUSD,3833.3,3660.66393778,3832.39,3832.4,3814.7,3903.21,3858.116,3999
2024-12-18 04:55:06,XETHZUSD,3833.3,3660.66393778,3832.39,3832.4,3814.7,3903.21,3858.116,3999
2024-12-18 04:55:10,XETHZUSD,3830.52,3660.96252206,3830.34,3831.36,3814.7,3903.21,3858.11385,4005
2024-12-18 04:55:13,XETHZUSD,3830.52,3660.96252206,3831.02,3831.43,3814.7,3903.21,3858.11385,4005
2024-12-18 04:55:16,XETHZUSD,3830.52,3660.96252206,3831.6,3832.05,3814.7,3903.21,3858.11385,4005
2024-12-18 04:55:19,XETHZUSD,3830.52,3660.96252206,3831.14,3831.95,3814.7,3903.21,3858.11385,4005
2024-12-18 04:55:22,XETHZUSD,3832.22,3661.01442292,3831.8,3832.4,3814.7,3903.21,3858.11348,4006
2024-12-18 04:55:25,XETHZUSD,3832.22,3661.01442292,3832.22,3832.4,3814.7,3903.21,3858.11348,4006
2024-12-18 04:55:29,XETHZUSD,3832.22,3661.01442292,3832.39,3832.4,3814.7,3903.21,3858.11348,4006
2024-12-18 04:55:32,XETHZUSD,3832.4,3662.56442292,3833.55,3833.84,3814.7,3903.21,3858.1026,4007
2024-12-18 04:55:35,XETHZUSD,3832.4,3662.56442292,3833.44,3833.84,3814.7,3903.21,3858.1026,4007
2024-12-18 04:55:38,XETHZUSD,3832.4,3662.56442292,3833.37,3833.84,3814.7,3903.21,3858.1026,4007
2024-12-18 04:55:41,XETHZUSD,3832.4,3662.56442292,3833.83,3833.84,3814.7,3903.21,3858.1026,4007
2024-12-18 04:55:45,XETHZUSD,3833.73,3669.14935842,3833.57,3833.84,3814.7,3903.21,3858.05888,4010
2024-12-18 04:55:48,XETHZUSD,3833.73,3669.14935842,3833.83,3833.84,3814.7,3903.21,3858.05888,4010
2024-12-18 04:55:51,XETHZUSD,3834.8,3670.7742898,3835.79,3835.8,3814.7,3903.21,3858.04858,4015
2024-12-18 04:55:54,XETHZUSD,3834.8,3670.7742898,3835.79,3835.8,3814.7,3903.21,3858.04858,4015
2024-12-18 04:55:57,XETHZUSD,3834.8,3670.7742898,3835.79,3835.8,3814.7,3903.21,3858.04858,4015
2024-12-18 04:56:00,XETHZUSD,3836.05,3670.81089315,3836.35,3836.36,3814.7,3903.21,3858.04836,4018
2024-12-18 04:56:04,XETHZUSD,3836.05,3670.81089315,3836.35,3836.36,3814.7,3903.21,3858.04836,4018
2024-12-18 04:56:06,XETHZUSD,3836.05,3670.81089315,3836.35,3836.36,3814.7,3903.21,3858.04836,4018
2024-12-18 04:56:10,XETHZUSD,3836.67,3670.84020021,3836.66,3836.67,3814.7,3903.21,3858.04819,4021
2024-12-18 04:56:13,XETHZUSD,3838.12,3670.87391173,3838.23,3838.24,3814.7,3903.21,3858.048,4025
2024-12-18 04:56:16,XETHZUSD,3838.12,3670.87391173,3838.23,3838.24,3814.7,3903.21,3858.048,4025
2024-12-18 04:56:19,XETHZUSD,3838.12,3670.87391173,3838.23,3838.24,3814.7,3903.21,3858.048,4025
2024-12-18 04:56:22,XETHZUSD,3838.12,3670.87391173,3838.23,3838.24,3814.7,3903.21,3858.048,4025
2024-12-18 04:56:25,XETHZUSD,3838.12,3670.87391173,3838.23,3838.24,3814.7,3903.21,3858.048,4025
2024-12-18 04:56:28,XETHZUSD,3838.12,3670.87391173,3838.23,3838.24,3814.7,3903.21,3858.048,4025
2024-12-18 04:56:31,XETHZUSD,3838.12,3670.87391173,3838.23,3838.24,3814.7,3903.21,3858.048,4025
2024-12-18 04:56:34,XETHZUSD,3838.12,3670.87391173,3838.23,3838.24,3814.7,3903.21,3858.048,4025
2024-12-18 04:56:37,XETHZUSD,3838.12,3670.87391173,3838.23,3838.24,3814.7,3903.21,3858.048,4025
2024-12-18 04:56:40,XETHZUSD,3838.12,3670.87391173,3838.23,3838.24,3814.7,3903.21,3858.048,4025
2024-12-18 04:56:43,XETHZUSD,3838.12,3670.87391173,3838.23,3838.24,3814.7,3903.21,3858.048,4025
2024-12-18 04:56:46,XETHZUSD,3838.12,3670.87391173,3838.23,3838.24,3814.7,3903.21,3858.048,4025
2024-12-18 04:56:49,XETHZUSD,3838.23,3671.39577792,3838.23,3838.24,3814.7,3903.21,3858.04518,4027
2024-12-18 04:56:52,XETHZUSD,3838.23,3671.39577792,3838.23,3838.24,3814.7,3903.21,3858.04518,4027
2024-12-18 04:56:55,XETHZUSD,3838.65,3672.98583812,3839.09,3839.1,3814.7,3903.21,3858.03661,4030
2024-12-18 04:56:59,XETHZUSD,3839.09,3674.36223812,3839.09,3839.1,3814.7,3903.21,3858.02952,4031
2024-12-18 04:57:02,XETHZUSD,3839.09,3674.36223812,3839.09,3839.1,3814.7,3903.21,3858.02952,4031
2024-12-18 04:57:05,XETHZUSD,3839.09,3674.36223812,3839.09,3839.1,3814.7,3903.21,3858.02952,4031
2024-12-18 04:57:08,XETHZUSD,3840.0,3674.41223812,3839.99,3840.0,3814.7,3903.21,3858.02927,4033
2024-12-18 04:57:11,XETHZUSD,3840.0,3674.42557666,3839.99,3840.0,3814.7,3903.21,3858.02921,4034
2024-12-18 04:57:14,XETHZUSD,3840.0,3674.42557666,3839.99,3840.0,3814.7,3903.21,3858.02921,4034
2024-12-18 04:57:17,XETHZUSD,3840.0,3674.42557666,3839.99,3840.0,3814.7,3903.21,3858.02921,4034
2024-12-18 04:57:20,XETHZUSD,3840.0,3674.42557666,3839.99,3840.0,3814.7,3903.21,3858.02921,4034
2024-12-18 04:57:24,XETHZUSD,3840.0,3674.42557666,3839.33,3839.94,3814.7,3903.21,3858.02921,4034
2024-12-18 04:57:26,XETHZUSD,3840.0,3674.42557666,3839.34,3839.85,3814.7,3903.21,3858.02921,4034
2024-12-18 04:57:29,XETHZUSD,3840.0,3675.12495021,3840.16,3840.38,3814.7,3903.21,3858.02577,4035
2024-12-18 04:57:33,XETHZUSD,3840.0,3675.12495021,3840.37,3840.38,3814.7,3903.21,3858.02577,4035
2024-12-18 04:57:36,XETHZUSD,3840.0,3675.12495021,3840.37,3840.38,3814.7,3903.21,3858.02577,4035
2024-12-18 04:57:39,XETHZUSD,3840.0,3675.12495021,3840.37,3840.38,3814.7,3903.21,3858.02577,4035
2024-12-18 04:57:42,XETHZUSD,3841.05,3676.70755021,3840.59,3841.05,3814.7,3903.21,3858.01818,4040
2024-12-18 04:57:45,XETHZUSD,3841.22,3676.7707407,3840.94,3841.22,3814.7,3903.21,3858.01789,4041
2024-12-18 04:57:48,XETHZUSD,3841.22,3676.7707407,3840.84,3841.01,3814.7,3903.21,3858.01789,4041
2024-12-18 04:57:51,XETHZUSD,3841.22,3676.7707407,3841.33,3841.34,3814.7,3903.21,3858.01789,4041
2024-12-18 04:57:54,XETHZUSD,3841.22,3676.7707407,3841.34,3841.35,3814.7,3903.21,3858.01789,4041
2024-12-18 04:57:57,XETHZUSD,3841.22,3676.7707407,3841.35,3841.46,3814.7,3903.21,3858.01789,4041
2024-12-18 04:58:01,XETHZUSD,3841.22,3676.7707407,3841.13,3841.35,3814.7,3903.21,3858.01789,4041
2024-12-18 04:58:04,XETHZUSD,3841.22,3676.7707407,3841.44,3841.46,3814.7,3903.21,3858.01789,4041
2024-12-18 04:58:07,XETHZUSD,3841.22,3676.7707407,3841.45,3841.46,3814.7,3903.21,3858.01789,4041
2024-12-18 04:58:10,XETHZUSD,3841.22,3676.7707407,3841.45,3841.46,3814.7,3903.21,3858.01789,4041
2024-12-18 04:58:13,XETHZUSD,3841.22,3676.7707407,3841.45,3841.46,3814.7,3903.21,3858.01789,4041
2024-12-18 04:58:16,XETHZUSD,3841.22,3676.7707407,3841.45,3841.46,3814.7,3903.21,3858.01789,4041
2024-12-18 04:58:19,XETHZUSD,3842.37,3676.90190544,3841.98,3842.37,3814.7,3903.21,3858.01733,4048
2024-12-18 04:58:22,XETHZUSD,3842.37,3676.90190544,3841.98,3842.32,3814.7,3903.21,3858.01733,4048
2024-12-18 04:58:25,XETHZUSD,3842.34,3688.52769403,3841.47,3842.37,3814.7,3903.21,3857.96792,4049
2024-12-18 04:58:29,XETHZUSD,3842.34,3688.52769403,3841.94,3842.21,3814.7,3903.21,3857.96792,4049
2024-12-18 04:58:32,XETHZUSD,3842.34,3688.52769403,3842.03,3842.21,3814.7,3903.21,3857.96792,4049
2024-12-18 04:58:35,XETHZUSD,3842.03,3688.57769403,3842.21,3842.37,3814.7,3903.21,3857.9677,4050
2024-12-18 04:58:38,XETHZUSD,3842.03,3688.57769403,3842.2,3842.37,3814.7,3903.21,3857.9677,4050
2024-12-18 04:58:41,XETHZUSD,3842.59,3698.57769403,3842.36,3842.56,3814.7,3903.21,3857.92603,4052
2024-12-18 04:58:44,XETHZUSD,3842.59,3698.57769403,3842.53,3842.54,3814.7,3903.21,3857.92603,4052
2024-12-18 04:58:47,XETHZUSD,3842.38,3716.83261153,3842.05,3842.06,3814.7,3903.21,3857.85046,4057
2024-12-18 04:58:50,XETHZUSD,3842.05,3717.00875779,3842.05,3842.11,3814.7,3903.21,3857.84971,4058
2024-12-18 04:58:54,XETHZUSD,3842.05,3717.00875779,3842.06,3842.19,3814.7,3903.21,3857.84971,4058
2024-12-18 04:58:57,XETHZUSD,3842.05,3717.00875779,3842.06,3842.18,3814.7,3903.21,3857.84971,4058
2024-12-18 04:59:00,XETHZUSD,3842.05,3717.00875779,3842.05,3842.06,3814.7,3903.21,3857.84971,4058
2024-12-18 04:59:03,XETHZUSD,3842.05,3717.00875779,3842.05,3842.06,3814.7,3903.21,3857.84971,4058
2024-12-18 04:59:06,XETHZUSD,3842.05,3717.00875779,3842.05,3842.06,3814.7,3903.21,3857.84971,4058
2024-12-18 04:59:09,XETHZUSD,3842.05,3717.00875779,3840.73,3841.44,3814.7,3903.21,3857.84971,4058
2024-12-18 04:59:12,XETHZUSD,3842.05,3717.00875779,3841.38,3841.57,3814.7,3903.21,3857.84971,4058
2024-12-18 04:59:16,XETHZUSD,3842.05,3717.00875779,3841.26,3841.61,3814.7,3903.21,3857.84971,4058
2024-12-18 04:59:19,XETHZUSD,3842.05,3717.00875779,3841.55,3841.65,3814.7,3903.21,3857.84971,4058
2024-12-18 04:59:22,XETHZUSD,3842.05,3717.00875779,3840.48,3840.55,3814.7,3903.21,3857.84971,4058
2024-12-18 04:59:25,XETHZUSD,3842.05,3717.00875779,3840.54,3840.55,3814.7,3903.21,3857.84971,4058
2024-12-18 04:59:28,XETHZUSD,3840.01,3717.03959523,3840.0,3840.01,3814.7,3903.21,3857.84957,4059
2024-12-18 04:59:31,XETHZUSD,3840.01,3717.03959523,3840.0,3840.01,3814.7,3903.21,3857.84957,4059
2024-12-18 04:59:35,XETHZUSD,3840.01,3717.30874527,3840.0,3840.01,3814.7,3903.21,3857.84827,4060
2024-12-18 04:59:38,XETHZUSD,3840.01,3717.30874527,3840.51,3840.84,3814.7,3903.21,3857.84827,4060
2024-12-18 04:59:41,XETHZUSD,3840.01,3717.30874527,3840.03,3840.73,3814.7,3903.21,3857.84827,4060
2024-12-18 04:59:44,XETHZUSD,3840.01,3717.30874527,3840.43,3840.74,3814.7,3903.21,3857.84827,4060
2024-12-18 04:59:47,XETHZUSD,3840.01,3717.30874527,3840.83,3840.84,3814.7,3903.21,3857.84827,4060
2024-12-18 04:59:51,XETHZUSD,3840.01,3717.30874527,3840.83,3840.84,3814.7,3903.21,3857.84827,4060
2024-12-18 04:59:54,XETHZUSD,3840.01,3717.30874527,3840.83,3840.84,3814.7,3903.21,3857.84827,4060
2024-12-18 04:59:57,XETHZUSD,3840.01,3717.30874527,3840.83,3840.84,3814.7,3903.21,3857.84827,4060
2024-12-18 05:00:01,XETHZUSD,3840.96,3717.52002748,3840.83,3840.96,3814.7,3903.21,3857.84731,4062
2024-12-18 05:00:04,XETHZUSD,3840.51,3717.59835158,3840.0,3840.01,3814.7,3903.21,3857.84695,4064
2024-12-18 05:00:08,XETHZUSD,3840.51,3717.59835158,3840.0,3840.01,3814.7,3903.21,3857.84695,4064
2024-12-18 05:00:11,XETHZUSD,3840.51,3717.59835158,3840.0,3840.01,3814.7,3903.21,3857.84695,4064
2024-12-18 05:00:15,XETHZUSD,3840.51,3717.59835158,3840.0,3840.01,3814.7,3903.21,3857.84695,4064
2024-12-18 05:00:18,XETHZUSD,3840.3,3717.62152365,3840.59,3840.6,3814.7,3903.21,3857.84684,4065
2024-12-18 05:00:21,XETHZUSD,3840.3,3717.62152365,3840.59,3840.6,3814.7,3903.21,3857.84684,4065
2024-12-18 05:00:25,XETHZUSD,3840.3,3717.62152365,3840.59,3840.6,3814.7,3903.21,3857.84684,4065
2024-12-18 05:00:28,XETHZUSD,3840.96,3717.81637344,3840.95,3840.96,3814.7,3903.21,3857.84596,4067
2024-12-18 05:00:32,XETHZUSD,3840.96,3717.81637344,3840.95,3840.96,3814.7,3903.21,3857.84596,4067
2024-12-18 05:00:35,XETHZUSD,3840.96,3717.81637344,3840.95,3840.96,3814.7,3903.21,3857.84596,4067
2024-12-18 05:00:38,XETHZUSD,3840.96,3717.81637344,3840.95,3840.96,3814.7,3903.21,3857.84596,4067
2024-12-18 05:00:41,XETHZUSD,3840.96,3717.81637344,3840.95,3840.96,3814.7,3903.21,3857.84596,4067
2024-12-18 05:00:44,XETHZUSD,3840.96,3717.81637344,3840.95,3840.96,3814.7,3903.21,3857.84596,4067
2024-12-18 05:00:48,XETHZUSD,3840.96,3717.81637344,3840.95,3840.96,3814.7,3903.21,3857.84596,4067
2024-12-18 05:00:51,XETHZUSD,3840.96,3717.81637344,3840.95,3840.96,3814.7,3903.21,3857.84596,4067
2024-12-18 05:00:55,XETHZUSD,3841.35,3719.36637344,3841.35,3841.36,3814.7,3903.21,3857.83908,4068
2024-12-18 05:00:58,XETHZUSD,3841.35,3719.36637344,3841.35,3841.36,3814.7,3903.21,3857.83908,4068
2024-12-18 05:01:01,XETHZUSD,3843.87,3720.53926249,3843.86,3843.87,3814.7,3903.21,3857.83498,4079
2024-12-18 05:01:04,XETHZUSD,3843.87,3720.53926249,3843.86,3843.87,3814.7,3903.21,3857.83498,4079
2024-12-18 05:01:07,XETHZUSD,3843.87,3720.53926249,3843.86,3843.87,3814.7,3903.21,3857.83498,4079
2024-12-18 05:01:11,XETHZUSD,3843.87,3720.53926249,3843.86,3843.87,3814.7,3903.21,3857.83498,4079
2024-12-18 05:01:14,XETHZUSD,3843.87,3720.82801873,3843.86,3843.87,3814.7,3903.21,3857.8339,4080
2024-12-18 05:01:17,XETHZUSD,3843.87,3720.82801873,3843.86,3843.87,3814.7,3903.21,3857.8339,4080
2024-12-18 05:01:21,XETHZUSD,3843.87,3720.82801873,3843.86,3843.87,3814.7,3903.21,3857.8339,4080
2024-12-18 05:01:24,XETHZUSD,3843.87,3720.82801873,3843.86,3843.87,3814.7,3903.21,3857.8339,4080
2024-12-18 05:01:27,XETHZUSD,3843.87,3720.82801873,3844.31,3844.64,3814.7,3903.21,3857.8339,4080
2024-12-18 05:01:30,XETHZUSD,3843.87,3720.82801873,3844.32,3844.64,3814.7,3903.21,3857.8339,4080
2024-12-18 05:01:33,XETHZUSD,3843.87,3720.82801873,3844.32,3844.34,3814.7,3903.21,3857.8339,4080
2024-12-18 05:01:36,XETHZUSD,3845.45,3720.84091459,3844.94,3845.44,3814.7,3903.21,3857.83385,4083
2024-12-18 05:01:40,XETHZUSD,3845.45,3720.84091459,3844.82,3844.83,3814.7,3903.21,3857.83385,4083
2024-12-18 05:01:43,XETHZUSD,3845.45,3720.84091459,3844.82,3844.83,3814.7,3903.21,3857.83385,4083
2024-12-18 05:01:46,XETHZUSD,3843.6,3720.99437556,3844.61,3844.9,3814.7,3903.21,3857.83329,4085
2024-12-18 05:01:49,XETHZUSD,3844.9,3721.0045007,3844.89,3844.9,3814.7,3903.21,3857.83326,4086
2024-12-18 05:01:52,XETHZUSD,3844.9,3721.0045007,3844.89,3844.9,3814.7,3903.21,3857.83326,4086
2024-12-18 05:01:55,XETHZUSD,3844.9,3721.0045007,3844.89,3844.9,3814.7,3903.21,3857.83326,4086
2024-12-18 05:01:59,XETHZUSD,3844.9,3721.0045007,3844.89,3844.9,3814.7,3903.21,3857.83326,4086
2024-12-18 05:02:02,XETHZUSD,3844.9,3721.0045007,3844.89,3844.9,3814.7,3903.21,3857.83326,4086
2024-12-18 05:02:05,XETHZUSD,3844.9,3721.02981309,3844.89,3844.9,3814.7,3903.21,3857.83317,4087
2024-12-18 05:02:08,XETHZUSD,3844.9,3721.02981309,3844.89,3844.9,3814.7,3903.21,3857.83317,4087
2024-12-18 05:02:11,XETHZUSD,3844.9,3721.02981309,3844.89,3844.9,3814.7,3903.21,3857.83317,4087
2024-12-18 05:02:14,XETHZUSD,3844.9,3721.02981309,3844.73,3844.87,3814.7,3903.21,3857.83317,4087
2024-12-18 05:02:17,XETHZUSD,3844.89,3721.04712109,3844.89,3844.9,3814.7,3903.21,3857.83311,4088
2024-12-18 05:02:20,XETHZUSD,3844.89,3721.04712109,3844.89,3844.9,3814.7,3903.21,3857.83311,4088
2024-12-18 05:02:24,XETHZUSD,3844.89,3734.36395277,3844.89,3844.9,3814.7,3903.21,3857.78695,4091
2024-12-18 05:02:26,XETHZUSD,3844.89,3734.36395277,3844.89,3844.9,3814.7,3903.21,3857.78695,4091
2024-12-18 05:02:30,XETHZUSD,3844.9,3734.41470102,3844.84,3844.9,3814.7,3903.21,3857.78678,4092
2024-12-18 05:02:33,XETHZUSD,3844.9,3734.41470102,3844.87,3844.9,3814.7,3903.21,3857.78678,4092
2024-12-18 05:02:36,XETHZUSD,3845.03,3735.96470102,3844.73,3844.74,3814.7,3903.21,3857.78149,4093
2024-12-18 05:02:40,XETHZUSD,3845.03,3735.96470102,3844.73,3844.74,3814.7,3903.21,3857.78149,4093
2024-12-18 05:02:43,XETHZUSD,3844.74,3738.56353462,3844.73,3844.74,3814.7,3903.21,3857.77242,4095
2024-12-18 05:02:46,XETHZUSD,3844.74,3738.56353462,3844.73,3844.74,3814.7,3903.21,3857.77242,4095
2024-12-18 05:02:49,XETHZUSD,3844.74,3738.56353462,3844.73,3844.74,3814.7,3903.21,3857.77242,4095
2024-12-18 05:02:52,XETHZUSD,3844.74,3738.56353462,3844.73,3844.74,3814.7,3903.21,3857.77242,4095
2024-12-18 05:02:55,XETHZUSD,3844.74,3738.56353462,3844.73,3844.74,3814.7,3903.21,3857.77242,4095
2024-12-18 05:02:58,XETHZUSD,3844.74,3738.56353462,3844.73,3844.74,3814.7,3903.21,3857.77242,4095
2024-12-18 05:03:01,XETHZUSD,3844.74,3738.56353462,3844.73,3844.74,3814.7,3903.21,3857.77242,4095
2024-12-18 05:03:04,XETHZUSD,3844.73,3738.92757462,3842.35,3842.57,3814.7,3903.21,3857.77115,4097
2024-12-18 05:03:07,XETHZUSD,3844.73,3738.92757462,3842.35,3842.36,3814.7,3903.21,3857.77115,4097
2024-12-18 05:03:11,XETHZUSD,3844.73,3738.92757462,3842.35,3842.36,3814.7,3903.21,3857.77115,4097
2024-12-18 05:03:14,XETHZUSD,3842.36,3741.53062067,3842.35,3842.36,3814.7,3903.21,3857.76043,4099
2024-12-18 05:03:17,XETHZUSD,3842.36,3741.53062067,3842.35,3842.36,3814.7,3903.21,3857.76043,4099
2024-12-18 05:03:20,XETHZUSD,3842.36,3741.53062067,3842.35,3842.36,3814.7,3903.21,3857.76043,4099
2024-12-18 05:03:23,XETHZUSD,3842.36,3741.53062067,3842.35,3842.36,3814.7,3903.21,3857.76043,4099
2024-12-18 05:03:26,XETHZUSD,3842.36,3741.53062067,3842.35,3842.36,3814.7,3903.21,3857.76043,4099
2024-12-18 05:03:29,XETHZUSD,3842.36,3741.55961751,3842.35,3842.36,3814.7,3903.21,3857.76031,4101
2024-12-18 05:03:32,XETHZUSD,3842.36,3741.55961751,3842.35,3842.36,3814.7,3903.21,3857.76031,4101
2024-12-18 05:03:35,XETHZUSD,3842.36,3741.55961751,3842.35,3842.36,3814.7,3903.21,3857.76031,4101
2024-12-18 05:03:39,XETHZUSD,3842.36,3741.55961751,3842.35,3842.36,3814.7,3903.21,3857.76031,4101
2024-12-18 05:03:41,XETHZUSD,3842.36,3741.55961751,3842.35,3842.36,3814.7,3903.21,3857.76031,4101
2024-12-18 05:03:45,XETHZUSD,3842.36,3741.55961751,3842.35,3842.36,3814.7,3903.21,3857.76031,4101
2024-12-18 05:03:48,XETHZUSD,3842.36,3741.55961751,3842.35,3842.36,3814.7,3903.21,3857.76031,4101
2024-12-18 05:03:51,XETHZUSD,3842.36,3741.57230394,3842.35,3842.36,3814.7,3903.21,3857.76026,4102
2024-12-18 05:03:54,XETHZUSD,3842.36,3741.57230394,3842.35,3842.36,3814.7,3903.21,3857.76026,4102
2024-12-18 05:03:57,XETHZUSD,3842.36,3741.57230394,3842.35,3842.36,3814.7,3903.21,3857.76026,4102
2024-12-18 05:04:01,XETHZUSD,3842.36,3741.57230394,3842.35,3842.36,3814.7,3903.21,3857.76026,4102
2024-12-18 05:04:04,XETHZUSD,3842.36,3741.57230394,3842.35,3842.36,3814.7,3903.21,3857.76026,4102
2024-12-18 05:04:07,XETHZUSD,3842.36,3741.57230394,3842.35,3842.36,3814.7,3903.21,3857.76026,4102
2024-12-18 05:04:10,XETHZUSD,3842.32,3741.86100233,3841.33,3841.34,3814.7,3903.21,3857.75907,4105
2024-12-18 05:04:13,XETHZUSD,3841.33,3741.91100233,3840.81,3840.82,3814.7,3903.21,3857.75885,4106
2024-12-18 05:04:16,XETHZUSD,3841.33,3741.91100233,3840.81,3840.82,3814.7,3903.21,3857.75885,4106
2024-12-18 05:04:19,XETHZUSD,3841.33,3741.91100233,3840.81,3840.82,3814.7,3903.21,3857.75885,4106
2024-12-18 05:04:22,XETHZUSD,3841.33,3741.91100233,3840.81,3840.82,3814.7,3903.21,3857.75885,4106
2024-12-18 05:04:25,XETHZUSD,3840.82,3744.5087627,3840.81,3840.82,3814.7,3903.21,3857.7471,4107
2024-12-18 05:04:29,XETHZUSD,3840.82,3744.5087627,3840.81,3840.82,3814.7,3903.21,3857.7471,4107
2024-12-18 05:04:32,XETHZUSD,3840.78,3744.7454927,3840.12,3840.4,3814.7,3903.21,3857.74603,4109
2024-12-18 05:04:35,XETHZUSD,3840.78,3744.7454927,3840.13,3840.44,3814.7,3903.21,3857.74603,4109
2024-12-18 05:04:38,XETHZUSD,3840.78,3744.7454927,3840.14,3840.48,3814.7,3903.21,3857.74603,4109
2024-12-18 05:04:41,XETHZUSD,3840.78,3744.7454927,3840.12,3840.48,3814.7,3903.21,3857.74603,4109
2024-12-18 05:04:45,XETHZUSD,3840.82,3744.7474927,3840.81,3840.82,3814.7,3903.21,3857.74602,4110
2024-12-18 05:04:48,XETHZUSD,3840.82,3744.7474927,3840.81,3840.82,3814.7,3903.21,3857.74602,4110
2024-12-18 05:04:51,XETHZUSD,3840.82,3744.7474927,3840.81,3840.82,3814.7,3903.21,3857.74602,4110
2024-12-18 05:04:54,XETHZUSD,3840.82,3744.7474927,3840.81,3840.82,3814.7,3903.21,3857.74602,4110
2024-12-18 05:04:57,XETHZUSD,3840.82,3744.7474927,3840.81,3840.82,3814.7,3903.21,3857.74602,4110
2024-12-18 05:05:00,XETHZUSD,3840.82,3744.7474927,3840.81,3840.82,3814.7,3903.21,3857.74602,4110
2024-12-18 05:05:03,XETHZUSD,3840.82,3744.7474927,3840.81,3840.82,3814.7,3903.21,3857.74602,4110
2024-12-18 05:05:06,XETHZUSD,3840.82,3745.42333082,3840.54,3840.55,3814.7,3903.21,3857.74296,4112
2024-12-18 05:05:09,XETHZUSD,3840.82,3745.42333082,3840.54,3840.55,3814.7,3903.21,3857.74296,4112
2024-12-18 05:05:13,XETHZUSD,3840.82,3745.42333082,3840.54,3840.55,3814.7,3903.21,3857.74296,4112
2024-12-18 05:05:16,XETHZUSD,3840.82,3745.42333082,3840.54,3840.55,3814.7,3903.21,3857.74296,4112
2024-12-18 05:05:19,XETHZUSD,3840.82,3745.42333082,3840.54,3840.55,3814.7,3903.21,3857.74296,4112
2024-12-18 05:05:22,XETHZUSD,3840.82,3745.42333082,3840.54,3840.55,3814.7,3903.21,3857.74296,4112
2024-12-18 05:05:25,XETHZUSD,3840.82,3745.42333082,3840.54,3840.55,3814.7,3903.21,3857.74296,4112
2024-12-18 05:05:28,XETHZUSD,3840.55,3745.62333082,3840.54,3840.55,3814.7,3903.21,3857.74204,4113
2024-12-18 05:05:32,XETHZUSD,3840.54,3745.62413185,3840.0,3840.01,3814.7,3903.21,3857.74204,4114
2024-12-18 05:05:35,XETHZUSD,3840.54,3745.62413185,3840.0,3840.01,3814.7,3903.21,3857.74204,4114
2024-12-18 05:05:38,XETHZUSD,3840.54,3745.62413185,3840.0,3840.01,3814.7,3903.21,3857.74204,4114
2024-12-18 05:05:41,XETHZUSD,3840.0,3745.67720118,3840.0,3840.01,3814.7,3903.21,3857.74179,4118
2024-12-18 05:05:44,XETHZUSD,3840.0,3745.67720118,3840.0,3840.01,3814.7,3903.21,3857.74179,4118
2024-12-18 05:05:47,XETHZUSD,3840.01,3745.6899044,3840.0,3840.01,3814.7,3903.21,3857.74173,4119
2024-12-18 05:05:51,XETHZUSD,3837.33,3751.6899044,3837.39,3837.65,3814.7,3903.21,3857.70968,4125
2024-12-18 05:05:54,XETHZUSD,3837.33,3751.6899044,3837.6,3837.61,3814.7,3903.21,3857.70968,4125
2024-12-18 05:05:56,XETHZUSD,3837.33,3751.6899044,3837.6,3837.61,3814.7,3903.21,3857.70968,4125
2024-12-18 05:06:00,XETHZUSD,3837.33,3751.6899044,3837.73,3838.2,3814.7,3903.21,3857.70968,4125
2024-12-18 05:06:03,XETHZUSD,3837.33,3751.6899044,3838.19,3838.2,3814.7,3903.21,3857.70968,4125
2024-12-18 05:06:06,XETHZUSD,3838.2,3751.75157552,3838.19,3838.2,3814.7,3903.21,3857.70936,4126
2024-12-18 05:06:09,XETHZUSD,3838.2,3751.75157552,3838.19,3838.2,3814.7,3903.21,3857.70936,4126
2024-12-18 05:06:12,XETHZUSD,3838.2,3751.75157552,3838.19,3838.2,3814.7,3903.21,3857.70936,4126
2024-12-18 05:06:15,XETHZUSD,3838.2,3751.75157552,3838.19,3838.2,3814.7,3903.21,3857.70936,4126
2024-12-18 05:06:18,XETHZUSD,3838.2,3751.7760824,3838.19,3838.2,3814.7,3903.21,3857.70923,4127
2024-12-18 05:06:21,XETHZUSD,3838.2,3751.7760824,3838.19,3838.2,3814.7,3903.21,3857.70923,4127
2024-12-18 05:06:25,XETHZUSD,3838.2,3751.7760824,3838.19,3838.2,3814.7,3903.21,3857.70923,4127
2024-12-18 05:06:28,XETHZUSD,3838.24,3753.25386169,3838.67,3838.68,3814.7,3903.21,3857.70155,4129
2024-12-18 05:06:31,XETHZUSD,3842.09,3753.65711902,3841.62,3842.06,3814.7,3903.21,3857.69987,4136
2024-12-18 05:06:35,XETHZUSD,3842.09,3753.65711902,3841.63,3842.06,3814.7,3903.21,3857.69987,4136
2024-12-18 05:06:38,XETHZUSD,3842.09,3753.65711902,3842.36,3842.37,3814.7,3903.21,3857.69987,4136
2024-12-18 05:06:40,XETHZUSD,3842.09,3753.65711902,3842.36,3842.37,3814.7,3903.21,3857.69987,4136
2024-12-18 05:06:44,XETHZUSD,3842.09,3753.65711902,3842.36,3842.37,3814.7,3903.21,3857.69987,4136
2024-12-18 05:06:47,XETHZUSD,3842.37,3753.7064178,3842.36,3842.37,3814.7,3903.21,3857.69967,4138
2024-12-18 05:06:50,XETHZUSD,3842.37,3753.88914452,3842.36,3842.37,3814.7,3903.21,3857.69892,4139
2024-12-18 05:06:53,XETHZUSD,3841.99,3753.99866329,3841.98,3841.99,3814.7,3903.21,3857.69846,4140
2024-12-18 05:06:56,XETHZUSD,3841.99,3753.99866329,3841.98,3841.99,3814.7,3903.21,3857.69846,4140
2024-12-18 05:06:59,XETHZUSD,3841.99,3753.99866329,3841.98,3841.99,3814.7,3903.21,3857.69846,4140
2024-12-18 05:07:02,XETHZUSD,3841.99,3753.99866329,3841.98,3841.99,3814.7,3903.21,3857.69846,4140
2024-12-18 05:07:05,XETHZUSD,3841.99,3754.05932441,3841.98,3841.99,3814.7,3903.21,3857.69821,4141
2024-12-18 05:07:09,XETHZUSD,3841.98,3754.14372157,3840.07,3840.08,3814.7,3903.21,3857.69786,4142
2024-12-18 05:07:12,XETHZUSD,3841.98,3754.14372157,3840.19,3840.57,3814.7,3903.21,3857.69786,4142
2024-12-18 05:07:15,XETHZUSD,3841.98,3754.14372157,3840.4,3840.55,3814.7,3903.21,3857.69786,4142
2024-12-18 05:07:18,XETHZUSD,3841.98,3754.14372157,3840.73,3840.74,3814.7,3903.21,3857.69786,4142
2024-12-18 05:07:21,XETHZUSD,3841.98,3754.14372157,3840.73,3840.74,3814.7,3903.21,3857.69786,4142
2024-12-18 05:07:24,XETHZUSD,3841.98,3754.14372157,3840.73,3840.74,3814.7,3903.21,3857.69786,4142
2024-12-18 05:07:27,XETHZUSD,3841.51,3754.15221157,3841.5,3841.51,3814.7,3903.21,3857.69782,4143
2024-12-18 05:07:30,XETHZUSD,3841.51,3754.15221157,3842.28,3842.29,3814.7,3903.21,3857.69782,4143
2024-12-18 05:07:33,XETHZUSD,3841.51,3754.15221157,3842.36,3842.37,3814.7,3903.21,3857.69782,4143
2024-12-18 05:07:36,XETHZUSD,3842.37,3755.70221157,3842.37,3842.38,3814.7,3903.21,3857.69149,4144
2024-12-18 05:07:39,XETHZUSD,3842.37,3755.70221157,3842.32,3842.34,3814.7,3903.21,3857.69149,4144
2024-12-18 05:07:42,XETHZUSD,3842.34,3781.35601971,3842.32,3842.33,3814.7,3903.21,3857.58734,4146
2024-12-18 05:07:45,XETHZUSD,3842.34,3781.35601971,3842.32,3842.33,3814.7,3903.21,3857.58734,4146
2024-12-18 05:07:48,XETHZUSD,3842.34,3781.35601971,3842.32,3842.33,3814.7,3903.21,3857.58734,4146
2024-12-18 05:07:52,XETHZUSD,3842.33,3781.36871526,3842.32,3842.33,3814.7,3903.21,3857.58729,4147
2024-12-18 05:07:55,XETHZUSD,3842.33,3781.36871526,3842.32,3842.38,3814.7,3903.21,3857.58729,4147
2024-12-18 05:07:58,XETHZUSD,3842.33,3781.36871526,3842.33,3842.38,3814.7,3903.21,3857.58729,4147
2024-12-18 05:08:01,XETHZUSD,3842.34,3781.36999732,3842.32,3842.33,3814.7,3903.21,3857.58728,4148
2024-12-18 05:08:04,XETHZUSD,3842.34,3781.36999732,3842.32,3842.33,3814.7,3903.21,3857.58728,4148
2024-12-18 05:08:07,XETHZUSD,3842.34,3781.36999732,3842.32,3842.33,3814.7,3903.21,3857.58728,4148
2024-12-18 05:08:10,XETHZUSD,3842.32,3781.45439448,3838.49,3838.5,3814.7,3903.21,3857.58694,4149
2024-12-18 05:08:13,XETHZUSD,3842.32,3781.45439448,3838.49,3838.5,3814.7,3903.21,3857.58694,4149
2024-12-18 05:08:16,XETHZUSD,3842.32,3781.45439448,3837.5,3837.96,3814.7,3903.21,3857.58694,4149
2024-12-18 05:08:19,XETHZUSD,3842.32,3781.45439448,3837.54,3837.99,3814.7,3903.21,3857.58694,4149
2024-12-18 05:08:22,XETHZUSD,3842.32,3781.45439448,3838.49,3838.57,3814.7,3903.21,3857.58694,4149
2024-12-18 05:08:25,XETHZUSD,3842.32,3781.45439448,3838.97,3839.19,3814.7,3903.21,3857.58694,4149
2024-12-18 05:08:29,XETHZUSD,3842.32,3781.45439448,3837.39,3837.72,3814.7,3903.21,3857.58694,4149
2024-12-18 05:08:32,XETHZUSD,3842.32,3781.45439448,3836.99,3837.23,3814.7,3903.21,3857.58694,4149
2024-12-18 05:08:35,XETHZUSD,3842.32,3781.45439448,3836.0,3836.28,3814.7,3903.21,3857.58694,4149
2024-12-18 05:08:38,XETHZUSD,3842.32,3781.45439448,3836.49,3836.75,3814.7,3903.21,3857.58694,4149
2024-12-18 05:08:41,XETHZUSD,3842.32,3781.45439448,3836.25,3836.52,3814.7,3903.21,3857.58694,4149
2024-12-18 05:08:45,XETHZUSD,3842.32,3781.45439448,3836.0,3836.01,3814.7,3903.21,3857.58694,4149
2024-12-18 05:08:47,XETHZUSD,3842.32,3781.45439448,3836.0,3836.01,3814.7,3903.21,3857.58694,4149
2024-12-18 05:08:50,XETHZUSD,3842.32,3781.45439448,3836.0,3836.01,3814.7,3903.21,3857.58694,4149
2024-12-18 05:08:54,XETHZUSD,3836.09,3783.78439448,3836.0,3836.24,3814.7,3903.21,3857.5737,4150
2024-12-18 05:08:57,XETHZUSD,3836.09,3783.78439448,3836.0,3836.01,3814.7,3903.21,3857.5737,4150
2024-12-18 05:09:00,XETHZUSD,3836.09,3783.78439448,3836.0,3836.11,3814.7,3903.21,3857.5737,4150
2024-12-18 05:09:03,XETHZUSD,3836.09,3783.78439448,3836.0,3836.01,3814.7,3903.21,3857.5737,4150
2024-12-18 05:09:06,XETHZUSD,3836.09,3783.78439448,3836.0,3836.37,3814.7,3903.21,3857.5737,4150
2024-12-18 05:09:09,XETHZUSD,3836.09,3783.78439448,3836.0,3836.01,3814.7,3903.21,3857.5737,4150
2024-12-18 05:09:12,XETHZUSD,3836.01,3783.78653059,3836.0,3836.01,3814.7,3903.21,3857.57369,4151
2024-12-18 05:09:15,XETHZUSD,3836.01,3783.78653059,3836.0,3836.01,3814.7,3903.21,3857.57369,4151
2024-12-18 05:09:18,XETHZUSD,3836.01,3783.90343059,3836.0,3836.01,3814.7,3903.21,3857.57303,4152
2024-12-18 05:09:22,XETHZUSD,3836.01,3783.90343059,3836.0,3836.01,3814.7,3903.21,3857.57303,4152
2024-12-18 05:09:25,XETHZUSD,3836.01,3783.90343059,3836.0,3836.01,3814.7,3903.21,3857.57303,4152
2024-12-18 05:09:28,XETHZUSD,3836.01,3783.90343059,3836.0,3836.01,3814.7,3903.21,3857.57303,4152
2024-12-18 05:09:31,XETHZUSD,3836.01,3783.90343059,3836.0,3836.01,3814.7,3903.21,3857.57303,4152
2024-12-18 05:09:34,XETHZUSD,3836.0,3783.92087065,3832.02,3833.25,3814.7,3903.21,3857.57293,4153
2024-12-18 05:09:37,XETHZUSD,3836.0,3783.92087065,3833.37,3833.64,3814.7,3903.21,3857.57293,4153
2024-12-18 05:09:40,XETHZUSD,3836.0,3783.92087065,3832.11,3833.07,3814.7,3903.21,3857.57293,4153
2024-12-18 05:09:43,XETHZUSD,3836.0,3783.92087065,3832.31,3832.68,3814.7,3903.21,3857.57293,4153
2024-12-18 05:09:46,XETHZUSD,3836.0,3783.92087065,3831.95,3832.0,3814.7,3903.21,3857.57293,4153
2024-12-18 05:09:49,XETHZUSD,3831.96,3783.94620337,3831.95,3831.96,3814.7,3903.21,3857.57275,4154
2024-12-18 05:09:52,XETHZUSD,3831.96,3783.94620337,3831.95,3831.96,3814.7,3903.21,3857.57275,4154
2024-12-18 05:09:55,XETHZUSD,3831.96,3783.94620337,3831.95,3831.96,3814.7,3903.21,3857.57275,4154
2024-12-18 05:09:58,XETHZUSD,3831.96,3783.94620337,3831.95,3831.96,3814.7,3903.21,3857.57275,4154
2024-12-18 05:10:02,XETHZUSD,3831.96,3783.94620337,3831.95,3831.96,3814.7,3903.21,3857.57275,4154
2024-12-18 05:10:05,XETHZUSD,3831.96,3783.94620337,3831.95,3831.96,3814.7,3903.21,3857.57275,4154
2024-12-18 05:10:08,XETHZUSD,3831.96,3783.94861246,3831.95,3831.96,3814.7,3903.21,3857.57274,4155
2024-12-18 05:10:11,XETHZUSD,3831.96,3783.94861246,3830.56,3830.65,3814.7,3903.21,3857.57274,4155
2024-12-18 05:10:14,XETHZUSD,3831.96,3783.94861246,3830.8,3831.23,3814.7,3903.21,3857.57274,4155
2024-12-18 05:10:17,XETHZUSD,3831.96,3783.94861246,3830.85,3831.27,3814.7,3903.21,3857.57274,4155
2024-12-18 05:10:20,XETHZUSD,3831.96,3783.94861246,3830.66,3830.82,3814.7,3903.21,3857.57274,4155
2024-12-18 05:10:23,XETHZUSD,3831.96,3783.94861246,3830.56,3830.57,3814.7,3903.21,3857.57274,4155
2024-12-18 05:10:26,XETHZUSD,3831.96,3783.94861246,3830.61,3831.17,3814.7,3903.21,3857.57274,4155
2024-12-18 05:10:30,XETHZUSD,3831.96,3783.94861246,3831.07,3831.44,3814.7,3903.21,3857.57274,4155
2024-12-18 05:10:32,XETHZUSD,3831.96,3783.94861246,3831.07,3831.47,3814.7,3903.21,3857.57274,4155
2024-12-18 05:10:36,XETHZUSD,3831.96,3783.94861246,3831.27,3831.47,3814.7,3903.21,3857.57274,4155
2024-12-18 05:10:39,XETHZUSD,3831.96,3783.95115225,3831.95,3831.96,3814.7,3903.21,3857.57272,4156
2024-12-18 05:10:42,XETHZUSD,3831.96,3783.95115225,3831.83,3831.96,3814.7,3903.21,3857.57272,4156
2024-12-18 05:10:45,XETHZUSD,3831.96,3783.95115225,3831.95,3831.96,3814.7,3903.21,3857.57272,4156
2024-12-18 05:10:48,XETHZUSD,3831.96,3783.95315225,3831.95,3831.96,3814.7,3903.21,3857.57271,4157
2024-12-18 05:10:51,XETHZUSD,3831.96,3783.95315225,3831.95,3831.96,3814.7,3903.21,3857.57271,4157
2024-12-18 05:10:55,XETHZUSD,3831.96,3783.95315225,3831.95,3831.96,3814.7,3903.21,3857.57271,4157
2024-12-18 05:10:57,XETHZUSD,3832.86,3786.89615225,3832.86,3833.17,3814.7,3903.21,3857.55317,4159
2024-12-18 05:11:01,XETHZUSD,3832.86,3786.89615225,3833.45,3833.71,3814.7,3903.21,3857.55317,4159
2024-12-18 05:11:04,XETHZUSD,3833.97,3786.90515225,3832.36,3832.74,3814.7,3903.21,3857.55311,4161
2024-12-18 05:11:07,XETHZUSD,3833.97,3786.90515225,3831.66,3832.01,3814.7,3903.21,3857.55311,4161
2024-12-18 05:11:10,XETHZUSD,3833.97,3786.90515225,3831.95,3831.96,3814.7,3903.21,3857.55311,4161
2024-12-18 05:11:13,XETHZUSD,3833.97,3786.90515225,3831.95,3831.96,3814.7,3903.21,3857.55311,4161
2024-12-18 05:11:16,XETHZUSD,3831.96,3786.91800757,3831.95,3831.96,3814.7,3903.21,3857.55302,4162
2024-12-18 05:11:19,XETHZUSD,3831.96,3786.91800757,3831.95,3831.96,3814.7,3903.21,3857.55302,4162
2024-12-18 05:11:22,XETHZUSD,3831.96,3786.91800757,3831.95,3831.96,3814.7,3903.21,3857.55302,4162
2024-12-18 05:11:25,XETHZUSD,3831.96,3786.91800757,3831.95,3831.96,3814.7,3903.21,3857.55302,4162
2024-12-18 05:11:28,XETHZUSD,3831.96,3786.91800757,3831.95,3831.96,3814.7,3903.21,3857.55302,4162
2024-12-18 05:11:32,XETHZUSD,3831.96,3786.91800757,3831.95,3831.96,3814.7,3903.21,3857.55302,4162
2024-12-18 05:11:35,XETHZUSD,3831.96,3786.91800757,3831.95,3831.96,3814.7,3903.21,3857.55302,4162
2024-12-18 05:11:38,XETHZUSD,3831.96,3786.91800757,3831.95,3831.96,3814.7,3903.21,3857.55302,4162
2024-12-18 05:11:41,XETHZUSD,3831.96,3786.91800757,3831.95,3831.96,3814.7,3903.21,3857.55302,4162
